{
  "type": "FeatureCollection",
  "features": [
    {
      "type": "Feature",
      "id": "road_00abe212cac72862a238e9b1ba1bfe6c4592a2c971a806420ad56186b0538629",
      "geometry": {
        "type": "LineString",
        "coordinates": [
          [
            106.81578148573406,
            29.71897536096492,
            500
          ],
          [
            106.81578761715316,
            29.71898170712194,
            500
          ],
          [
            106.81579374857226,
            29.718988053278963,
            500
          ],
          [
            106.81579987999137,
            29.71899439943599,
            500
          ],
          [
            106.81580601141047,
            29.71900074559301,
            500
          ],
          [
            106.81581214282957,
            29.719007091750033,
            500
          ],
          [
            106.81581827424867,
            29.71901343790706,
            500
          ],
          [
            106.81582440566778,
            29.71901978406408,
            500
          ],
          [
            106.81583053708688,
            29.719026130221103,
            500
          ],
          [
            106.81583666850598,
            29.719032476378125,
            500
          ],
          [
            106.81584279992508,
            29.71903882253515,
            500
          ],
          [
            106.81584893134419,
            29.719045168692173,
            500
          ],
          [
            106.81585506276329,
            29.719051514849195,
            500
          ],
          [
            106.81586119418239,
            29.71905786100622,
            500
          ],
          [
            106.81586732560149,
            29.719064207163242,
            500
          ],
          [
            106.8158734570206,
            29.719070553320265,
            500
          ],
          [
            106.8158795884397,
            29.71907689947729,
            500
          ],
          [
            106.8158857198588,
            29.719083245634312,
            500
          ],
          [
            106.8158918512779,
            29.719089591791334,
            500
          ],
          [
            106.81589798269701,
            29.719095937948357,
            500
          ],
          [
            106.81590411411611,
            29.719102284105382,
            500
          ],
          [
            106.8159102455352,
            29.719108630262404,
            500
          ],
          [
            106.8159163769543,
            29.719114976419426,
            500
          ],
          [
            106.81592250837342,
            29.719121322576452,
            500
          ],
          [
            106.81592863979252,
            29.719127668733474,
            500
          ],
          [
            106.81593477121162,
            29.719134014890496,
            500
          ],
          [
            106.81594090263071,
            29.719140361047522,
            500
          ],
          [
            106.81594703404983,
            29.719146707204544,
            500
          ],
          [
            106.81595316546893,
            29.719153053361566,
            500
          ],
          [
            106.81595929688802,
            29.71915939951859,
            500
          ],
          [
            106.81596542830712,
            29.719165745675614,
            500
          ],
          [
            106.81597155972624,
            29.719172091832636,
            500
          ],
          [
            106.81597769114533,
            29.719178437989658,
            500
          ],
          [
            106.81598382256443,
            29.719184784146684,
            500
          ],
          [
            106.81598995398353,
            29.719191130303706,
            500
          ],
          [
            106.81599608540265,
            29.719197476460728,
            500
          ],
          [
            106.81600221682174,
            29.719203822617754,
            500
          ],
          [
            106.81600834824084,
            29.719210168774776,
            500
          ],
          [
            106.81601447965994,
            29.719216514931798,
            500
          ],
          [
            106.81602061107905,
            29.71922286108882,
            500
          ],
          [
            106.81602674249815,
            29.719229207245846,
            500
          ]
        ]
      },
      "properties": {
        "roadKey": "road_00abe212cac72862a238e9b1ba1bfe6c4592a2c971a806420ad56186b0538629",
        "sourceRoadId": "26",
        "sourceRoadName": "Road 26",
        "sourceRoadGuid": null,
        "sourceFeatureReferenceKey": "wrf_4b71c1408a13ad7ab1bfae8f6088cd53",
        "sourceFeatureVersion": "od-97e1166e8442291b",
        "physicalRoadGroupKey": "prg_5cacce98734290be8da4603c72fb0f9b757a5fd51722c564e074599216f46b04",
        "roadClass": "XODR_TOWN",
        "widthM": 12,
        "widthSource": "XODR_DERIVED_UNVERIFIED",
        "surfaceMaterial": "UNKNOWN",
        "surfaceSource": "MISSING_IN_XODR",
        "oneWay": false,
        "serviceEligible": true,
        "speedMps": 17.8816,
        "speedSource": "XODR_UNIFORM_SOURCE",
        "sourceFormat": "XODR",
        "sourceArtifactHash": "sha256:f9119c2fa0c73093c2c2d15d262ede56fbcefd3de091f652523559aca13d3481",
        "conditionClass": "UNKNOWN"
      }
    },
    {
      "type": "Feature",
      "id": "road_072dc6d5596a8b14ce83d1f05ed9421d0f2bc3fac273413663b0ea25ce1e5d9c",
      "geometry": {
        "type": "LineString",
        "coordinates": [
          [
            106.8122552315126,
            29.719500666917526,
            500
          ],
          [
            106.81226375027312,
            29.719500666901702,
            500
          ],
          [
            106.81227226903364,
            29.719500666885878,
            500
          ],
          [
            106.81228078779417,
            29.719500666870058,
            500
          ],
          [
            106.81228930655469,
            29.719500666854234,
            500
          ],
          [
            106.81229782531521,
            29.71950066683841,
            500
          ],
          [
            106.81230634407574,
            29.71950066682259,
            500
          ],
          [
            106.81231486283627,
            29.719500666806766,
            500
          ],
          [
            106.8123233815968,
            29.719500666790942,
            500
          ],
          [
            106.81233190035732,
            29.719500666775122,
            500
          ],
          [
            106.81234041911785,
            29.7195006667593,
            500
          ],
          [
            106.81234893787837,
            29.719500666743475,
            500
          ]
        ]
      },
      "properties": {
        "roadKey": "road_072dc6d5596a8b14ce83d1f05ed9421d0f2bc3fac273413663b0ea25ce1e5d9c",
        "sourceRoadId": "19",
        "sourceRoadName": "Road 19",
        "sourceRoadGuid": null,
        "sourceFeatureReferenceKey": "wrf_986996cad8e94d3d9af98524b1da4c94",
        "sourceFeatureVersion": "od-b83a9d460467482d",
        "physicalRoadGroupKey": "prg_9323b38ba60c13effae04e795f9f534c0c1d6d4cc4ae68784aee09a8b1637b0f",
        "roadClass": "XODR_TOWN",
        "widthM": 16,
        "widthSource": "XODR_DERIVED_UNVERIFIED",
        "surfaceMaterial": "UNKNOWN",
        "surfaceSource": "MISSING_IN_XODR",
        "oneWay": false,
        "serviceEligible": true,
        "speedMps": 17.8816,
        "speedSource": "XODR_UNIFORM_SOURCE",
        "sourceFormat": "XODR",
        "sourceArtifactHash": "sha256:f9119c2fa0c73093c2c2d15d262ede56fbcefd3de091f652523559aca13d3481",
        "conditionClass": "UNKNOWN"
      }
    },
    {
      "type": "Feature",
      "id": "road_0dfac2c8750300c02d0f4545c32404d4f0eb356bed8aa9620d098eb08fd69bbd",
      "geometry": {
        "type": "LineString",
        "coordinates": [
          [
            106.81395168882501,
            29.719668024345143,
            500
          ],
          [
            106.81395168882501,
            29.719677022389195,
            500
          ],
          [
            106.81395168882501,
            29.719686020433247,
            500
          ],
          [
            106.81395168882501,
            29.7196950184773,
            500
          ],
          [
            106.81395168882501,
            29.71970401652135,
            500
          ],
          [
            106.81395168882501,
            29.719713014565404,
            500
          ],
          [
            106.81395168882501,
            29.719722012609452,
            500
          ],
          [
            106.81395168882501,
            29.719731010653504,
            500
          ],
          [
            106.81395168882501,
            29.719740008697556,
            500
          ],
          [
            106.81395168882501,
            29.71974900674161,
            500
          ],
          [
            106.81395168882501,
            29.71975800478566,
            500
          ],
          [
            106.81395168882501,
            29.719767002829713,
            500
          ],
          [
            106.81395168882501,
            29.719776000873765,
            500
          ],
          [
            106.81395168882501,
            29.719784998917817,
            500
          ],
          [
            106.81395168882501,
            29.719793996961865,
            500
          ],
          [
            106.81395168882501,
            29.719802995005917,
            500
          ],
          [
            106.81395168882501,
            29.71981199304997,
            500
          ],
          [
            106.81395168882501,
            29.71982099109402,
            500
          ],
          [
            106.81395168882501,
            29.719829989138074,
            500
          ],
          [
            106.81395168882501,
            29.719838987182126,
            500
          ],
          [
            106.81395168882501,
            29.719847985226178,
            500
          ],
          [
            106.81395168882501,
            29.71985698327023,
            500
          ],
          [
            106.81395168882501,
            29.71986598131428,
            500
          ],
          [
            106.81395168882501,
            29.71987497935833,
            500
          ],
          [
            106.81395168882501,
            29.719883977402382,
            500
          ],
          [
            106.81395168882501,
            29.719892975446434,
            500
          ],
          [
            106.81395168882501,
            29.719901973490487,
            500
          ],
          [
            106.81395168882501,
            29.71991097153454,
            500
          ],
          [
            106.81395168882501,
            29.71991996957859,
            500
          ],
          [
            106.81395168882501,
            29.719928967622643,
            500
          ]
        ]
      },
      "properties": {
        "roadKey": "road_0dfac2c8750300c02d0f4545c32404d4f0eb356bed8aa9620d098eb08fd69bbd",
        "sourceRoadId": "35",
        "sourceRoadName": "Road 35",
        "sourceRoadGuid": null,
        "sourceFeatureReferenceKey": "wrf_5688a01eeba630e9af6c19e2d6da39c0",
        "sourceFeatureVersion": "od-0a62c242d3966769",
        "physicalRoadGroupKey": "prg_00bc65509d5ccb86beb7c3101d921d0caf294ba7b290227a66833ab47a240376",
        "roadClass": "XODR_TOWN",
        "widthM": 20,
        "widthSource": "XODR_DERIVED_UNVERIFIED",
        "surfaceMaterial": "UNKNOWN",
        "surfaceSource": "MISSING_IN_XODR",
        "oneWay": false,
        "serviceEligible": true,
        "speedMps": 17.8816,
        "speedSource": "XODR_UNIFORM_SOURCE",
        "sourceFormat": "XODR",
        "sourceArtifactHash": "sha256:f9119c2fa0c73093c2c2d15d262ede56fbcefd3de091f652523559aca13d3481",
        "conditionClass": "UNKNOWN"
      }
    },
    {
      "type": "Feature",
      "id": "road_119410991e1870f8aaf5393a81a60029e98cbeecd14cb0a51d18f7405793abae",
      "geometry": {
        "type": "LineString",
        "coordinates": [
          [
            106.8124702477717,
            29.719624743514636,
            500
          ],
          [
            106.81247040127846,
            29.71963349580345,
            500
          ],
          [
            106.81247058670438,
            29.719642247464762,
            500
          ],
          [
            106.8124708062856,
            29.71965099832379,
            500
          ],
          [
            106.81247106225716,
            29.71965974817918,
            500
          ],
          [
            106.81247135685265,
            29.71966849680127,
            500
          ],
          [
            106.81247169230399,
            29.71967724393036,
            500
          ],
          [
            106.812472070841,
            29.719685989274993,
            500
          ],
          [
            106.81247249469106,
            29.719694732510206,
            500
          ],
          [
            106.81247296607874,
            29.719703473275835,
            500
          ],
          [
            106.81247348722528,
            29.719712211174787,
            500
          ],
          [
            106.81247406034801,
            29.719720945771343,
            500
          ],
          [
            106.81247468765991,
            29.719729676589434,
            500
          ],
          [
            106.81247537136896,
            29.719738403110977,
            500
          ],
          [
            106.81247611367739,
            29.719747124774162,
            500
          ],
          [
            106.81247691678104,
            29.719755840971807,
            500
          ],
          [
            106.81247778286856,
            29.71976455104967,
            500
          ],
          [
            106.81247871412053,
            29.71977325430482,
            500
          ],
          [
            106.81247971270864,
            29.71978194998399,
            500
          ],
          [
            106.81248078079459,
            29.71979063728197,
            500
          ],
          [
            106.81248192052918,
            29.719799315340005,
            500
          ],
          [
            106.81248313405118,
            29.719807983244202,
            500
          ],
          [
            106.8124844234861,
            29.719816640023996,
            500
          ],
          [
            106.81248579094502,
            29.719825284650607,
            500
          ],
          [
            106.81248723852322,
            29.719833916035522,
            500
          ],
          [
            106.81248876829885,
            29.719842533029034,
            500
          ],
          [
            106.81249038233116,
            29.71985113441881,
            500
          ],
          [
            106.8124921373821,
            29.71985998981616,
            500
          ],
          [
            106.81249398407581,
            29.719868826292473,
            500
          ],
          [
            106.81249592221135,
            29.719877642885947,
            500
          ],
          [
            106.81249795157775,
            29.719886438636955,
            500
          ],
          [
            106.81250007195412,
            29.719895212588124,
            500
          ],
          [
            106.81250228310965,
            29.719903963784464,
            500
          ],
          [
            106.8125045848037,
            29.71991269127346,
            500
          ],
          [
            106.81250697678574,
            29.719921394105178,
            500
          ],
          [
            106.8125094587954,
            29.719930071332367,
            500
          ],
          [
            106.81251203056254,
            29.719938722010557,
            500
          ],
          [
            106.81251469180724,
            29.719947345198175,
            500
          ],
          [
            106.81251744223982,
            29.71995593995664,
            500
          ],
          [
            106.81252028156094,
            29.719964505350465,
            500
          ],
          [
            106.81252320946155,
            29.719973040447353,
            500
          ],
          [
            106.81252622562293,
            29.719981544318312,
            500
          ],
          [
            106.81252932971684,
            29.719990016037745,
            500
          ],
          [
            106.8125325214054,
            29.71999845468356,
            500
          ],
          [
            106.8125358003412,
            29.72000685933725,
            500
          ],
          [
            106.81253916616735,
            29.720015229084026,
            500
          ],
          [
            106.81254261851751,
            29.720023563012894,
            500
          ],
          [
            106.8125461570159,
            29.720031860216746,
            500
          ],
          [
            106.8125497812774,
            29.72004011979249,
            500
          ],
          [
            106.8125534909075,
            29.72004834084111,
            500
          ],
          [
            106.81255728550245,
            29.720056522467804,
            500
          ],
          [
            106.81256116464922,
            29.72006466378204,
            500
          ],
          [
            106.8125651279256,
            29.720072763897694,
            500
          ],
          [
            106.81256917490019,
            29.72008082193311,
            500
          ],
          [
            106.81257330513253,
            29.720088837011218,
            500
          ],
          [
            106.81257751817303,
            29.72009680825963,
            500
          ],
          [
            106.81258181356316,
            29.72010473481072,
            500
          ],
          [
            106.81258619083538,
            29.720112615801728,
            500
          ],
          [
            106.81259064951324,
            29.720120450374857,
            500
          ],
          [
            106.81259518911146,
            29.72012823767736,
            500
          ],
          [
            106.81259980913592,
            29.720135976861634,
            500
          ],
          [
            106.81260450908376,
            29.720143667085317,
            500
          ],
          [
            106.8126092884434,
            29.72015130751137,
            500
          ],
          [
            106.81261414669466,
            29.72015889730818,
            500
          ],
          [
            106.81261908330875,
            29.720166435649645,
            500
          ],
          [
            106.81262409774833,
            29.720173921715258,
            500
          ],
          [
            106.81262918946761,
            29.720181354690205,
            500
          ],
          [
            106.8126343579124,
            29.72018873376545,
            500
          ],
          [
            106.81263960252014,
            29.72019605813783,
            500
          ],
          [
            106.81264492271998,
            29.720203327010125,
            500
          ],
          [
            106.81265031793285,
            29.720210539591164,
            500
          ],
          [
            106.81265578757153,
            29.720217695095897,
            500
          ],
          [
            106.81266133104064,
            29.720224792745494,
            500
          ],
          [
            106.81266694773686,
            29.720231831767414,
            500
          ],
          [
            106.8126726370488,
            29.720238811395504,
            500
          ],
          [
            106.81267839835725,
            29.720245730870072,
            500
          ],
          [
            106.81268423103509,
            29.720252589437973,
            500
          ],
          [
            106.8126901344475,
            29.720259386352694,
            500
          ],
          [
            106.8126961079519,
            29.72026612087443,
            500
          ],
          [
            106.81270215089812,
            29.720272792270173,
            500
          ],
          [
            106.81270826262843,
            29.720279399813773,
            500
          ],
          [
            106.8127144424776,
            29.720285942786045,
            500
          ],
          [
            106.81272068977299,
            29.72029242047482,
            500
          ],
          [
            106.81272700383461,
            29.720298832175043,
            500
          ],
          [
            106.81273338397523,
            29.720305177188838,
            500
          ],
          [
            106.81273982950039,
            29.720311454825588,
            500
          ],
          [
            106.81274633970854,
            29.720317664402007,
            500
          ],
          [
            106.81275291389109,
            29.72032380524222,
            500
          ],
          [
            106.81275955133246,
            29.720329876677837,
            500
          ],
          [
            106.81276625131024,
            29.72033587804802,
            500
          ],
          [
            106.81277301309512,
            29.720341808699544,
            500
          ],
          [
            106.81277983595119,
            29.720347667986903,
            500
          ],
          [
            106.81278671913576,
            29.720353455272342,
            500
          ],
          [
            106.81279366189968,
            29.720359169925956,
            500
          ],
          [
            106.81280066348724,
            29.720364811325734,
            500
          ],
          [
            106.81280772313637,
            29.720370378857645,
            500
          ],
          [
            106.81281484007869,
            29.720375871915692,
            500
          ],
          [
            106.81282201353953,
            29.720381289901994,
            500
          ],
          [
            106.81282924273812,
            29.720386632226834,
            500
          ],
          [
            106.8128365268876,
            29.72039189830873,
            500
          ],
          [
            106.81284386519512,
            29.720397087574497,
            500
          ]
        ]
      },
      "properties": {
        "roadKey": "road_119410991e1870f8aaf5393a81a60029e98cbeecd14cb0a51d18f7405793abae",
        "sourceRoadId": "36",
        "sourceRoadName": "Road 36",
        "sourceRoadGuid": null,
        "sourceFeatureReferenceKey": "wrf_dedb2952d4715dd51f5af3af733806b2",
        "sourceFeatureVersion": "od-00a7e62e63307e98",
        "physicalRoadGroupKey": "prg_a8b80d0438cbed4270cc904adbe564f1781740829d2263e42490c3acb20b1ea5",
        "roadClass": "XODR_TOWN",
        "widthM": 16,
        "widthSource": "XODR_DERIVED_UNVERIFIED",
        "surfaceMaterial": "UNKNOWN",
        "surfaceSource": "MISSING_IN_XODR",
        "oneWay": false,
        "serviceEligible": true,
        "speedMps": 17.8816,
        "speedSource": "XODR_UNIFORM_SOURCE",
        "sourceFormat": "XODR",
        "sourceArtifactHash": "sha256:f9119c2fa0c73093c2c2d15d262ede56fbcefd3de091f652523559aca13d3481",
        "conditionClass": "UNKNOWN"
      }
    },
    {
      "type": "Feature",
      "id": "road_15dba4caee0d661eca1fae211e6ddad101b287eb0539e139c3305f3aceb00611",
      "geometry": {
        "type": "LineString",
        "coordinates": [
          [
            106.81496228889688,
            29.71992114188055,
            500
          ],
          [
            106.81496228889688,
            29.719912101899922,
            500
          ],
          [
            106.81496228889688,
            29.719903061919297,
            500
          ],
          [
            106.81496228889688,
            29.71989402193867,
            500
          ],
          [
            106.81496228889688,
            29.719884981958042,
            500
          ],
          [
            106.81496228889688,
            29.719875941977417,
            500
          ],
          [
            106.81496228889688,
            29.71986690199679,
            500
          ],
          [
            106.81496228889688,
            29.719857862016163,
            500
          ],
          [
            106.81496228889688,
            29.719848822035537,
            500
          ],
          [
            106.81496228889688,
            29.719839782054912,
            500
          ],
          [
            106.81496228889688,
            29.719830742074283,
            500
          ],
          [
            106.81496228889688,
            29.719821702093657,
            500
          ],
          [
            106.81496228889688,
            29.719812662113032,
            500
          ],
          [
            106.81496228889688,
            29.719803622132403,
            500
          ],
          [
            106.81496228889688,
            29.719794582151778,
            500
          ],
          [
            106.81496228889688,
            29.71978554217115,
            500
          ],
          [
            106.81496228889688,
            29.719776502190523,
            500
          ],
          [
            106.81496228889688,
            29.719767462209898,
            500
          ],
          [
            106.81496228889688,
            29.71975842222927,
            500
          ],
          [
            106.81496228889688,
            29.719749382248644,
            500
          ],
          [
            106.81496228889688,
            29.719740342268018,
            500
          ],
          [
            106.81496228889688,
            29.71973130228739,
            500
          ],
          [
            106.81496228889688,
            29.719722262306764,
            500
          ],
          [
            106.81496228889688,
            29.71971322232614,
            500
          ],
          [
            106.81496228889688,
            29.71970418234551,
            500
          ],
          [
            106.81496228889688,
            29.719695142364884,
            500
          ],
          [
            106.81496228889688,
            29.71968610238426,
            500
          ],
          [
            106.81496228889688,
            29.71967706240363,
            500
          ],
          [
            106.81496228889688,
            29.719668022423004,
            500
          ]
        ]
      },
      "properties": {
        "roadKey": "road_15dba4caee0d661eca1fae211e6ddad101b287eb0539e139c3305f3aceb00611",
        "sourceRoadId": "1",
        "sourceRoadName": "Road 1",
        "sourceRoadGuid": null,
        "sourceFeatureReferenceKey": "wrf_224dcb60d4db3c609dbd24daadcbf5dc",
        "sourceFeatureVersion": "od-f6875dcce17e1703",
        "physicalRoadGroupKey": "prg_906a65c6bd04c1ca2c38acb7223c00a48f177e67e620086ca05e8a9699395462",
        "roadClass": "XODR_TOWN",
        "widthM": 15,
        "widthSource": "XODR_DERIVED_UNVERIFIED",
        "surfaceMaterial": "UNKNOWN",
        "surfaceSource": "MISSING_IN_XODR",
        "oneWay": false,
        "serviceEligible": true,
        "speedMps": 17.8816,
        "speedSource": "XODR_UNIFORM_SOURCE",
        "sourceFormat": "XODR",
        "sourceArtifactHash": "sha256:f9119c2fa0c73093c2c2d15d262ede56fbcefd3de091f652523559aca13d3481",
        "conditionClass": "UNKNOWN"
      }
    },
    {
      "type": "Feature",
      "id": "road_1754804b0dd42c1e46bbeeb0c77ba77d22528fb6ecb5dfec638912c0e994d0fa",
      "geometry": {
        "type": "LineString",
        "coordinates": [
          [
            106.81418075815755,
            29.718595350099513,
            500
          ],
          [
            106.81418961293933,
            29.718595350099513,
            500
          ],
          [
            106.81419846772111,
            29.718595350099513,
            500
          ],
          [
            106.81420732250288,
            29.718595350099513,
            500
          ],
          [
            106.81421617728466,
            29.718595350099513,
            500
          ],
          [
            106.81422503206643,
            29.718595350099513,
            500
          ],
          [
            106.81423388684821,
            29.718595350099513,
            500
          ],
          [
            106.81424274163,
            29.718595350099513,
            500
          ],
          [
            106.81425159641176,
            29.718595350099513,
            500
          ],
          [
            106.81426045119355,
            29.718595350099513,
            500
          ],
          [
            106.81426930597532,
            29.718595350099513,
            500
          ],
          [
            106.8142781607571,
            29.718595350099513,
            500
          ],
          [
            106.81428701553888,
            29.718595350099513,
            500
          ],
          [
            106.81429587032065,
            29.718595350099513,
            500
          ],
          [
            106.81430472510243,
            29.718595350099513,
            500
          ],
          [
            106.8143135798842,
            29.718595350099513,
            500
          ],
          [
            106.81432243466598,
            29.718595350099513,
            500
          ],
          [
            106.81433128944776,
            29.718595350099513,
            500
          ],
          [
            106.81434014422953,
            29.718595350099513,
            500
          ],
          [
            106.81434899901132,
            29.718595350099513,
            500
          ],
          [
            106.81435785379308,
            29.718595350099513,
            500
          ],
          [
            106.81436670857487,
            29.718595350099513,
            500
          ],
          [
            106.81437556335665,
            29.718595350099513,
            500
          ],
          [
            106.81438441813842,
            29.718595350099513,
            500
          ],
          [
            106.8143932729202,
            29.718595350099513,
            500
          ],
          [
            106.81440212770197,
            29.718595350099513,
            500
          ],
          [
            106.81441098248375,
            29.718595350099513,
            500
          ],
          [
            106.81441983726553,
            29.718595350099513,
            500
          ],
          [
            106.8144286920473,
            29.718595350099513,
            500
          ],
          [
            106.81443754682908,
            29.718595350099513,
            500
          ],
          [
            106.81444640161085,
            29.718595350099513,
            500
          ],
          [
            106.81445525639263,
            29.718595350099513,
            500
          ],
          [
            106.81446411117442,
            29.718595350099513,
            500
          ],
          [
            106.81447296595618,
            29.718595350099513,
            500
          ],
          [
            106.81448182073797,
            29.718595350099513,
            500
          ],
          [
            106.81449067551974,
            29.718595350099513,
            500
          ],
          [
            106.81449953030152,
            29.718595350099513,
            500
          ],
          [
            106.8145083850833,
            29.718595350099513,
            500
          ],
          [
            106.81451723986507,
            29.718595350099513,
            500
          ],
          [
            106.81452609464685,
            29.718595350099513,
            500
          ],
          [
            106.81453494942862,
            29.718595350099513,
            500
          ],
          [
            106.8145438042104,
            29.718595350099513,
            500
          ],
          [
            106.81455265899218,
            29.718595350099513,
            500
          ],
          [
            106.81456151377395,
            29.718595350099513,
            500
          ],
          [
            106.81457036855574,
            29.718595350099513,
            500
          ],
          [
            106.8145792233375,
            29.718595350099513,
            500
          ],
          [
            106.81458807811929,
            29.718595350099513,
            500
          ],
          [
            106.81459693290107,
            29.718595350099513,
            500
          ],
          [
            106.81460578768284,
            29.718595350099513,
            500
          ],
          [
            106.81461464246462,
            29.718595350099513,
            500
          ],
          [
            106.81462349724639,
            29.718595350099513,
            500
          ],
          [
            106.81463235202817,
            29.718595350099513,
            500
          ],
          [
            106.81464120680995,
            29.718595350099513,
            500
          ],
          [
            106.81465006159172,
            29.718595350099513,
            500
          ],
          [
            106.8146589163735,
            29.718595350099513,
            500
          ],
          [
            106.81466777115527,
            29.718595350099513,
            500
          ],
          [
            106.81467662593705,
            29.718595350099513,
            500
          ],
          [
            106.81468548071884,
            29.718595350099513,
            500
          ],
          [
            106.8146943355006,
            29.718595350099513,
            500
          ],
          [
            106.81470319028239,
            29.718595350099513,
            500
          ],
          [
            106.81471204506416,
            29.718595350099513,
            500
          ],
          [
            106.81472089984594,
            29.718595350099513,
            500
          ],
          [
            106.81472975462772,
            29.718595350099513,
            500
          ],
          [
            106.81473860940949,
            29.718595350099513,
            500
          ],
          [
            106.81474746419127,
            29.718595350099513,
            500
          ],
          [
            106.81475631897304,
            29.718595350099513,
            500
          ],
          [
            106.81476517375482,
            29.718595350099513,
            500
          ],
          [
            106.8147740285366,
            29.718595350099513,
            500
          ],
          [
            106.81478288331837,
            29.718595350099513,
            500
          ],
          [
            106.81479173810015,
            29.718595350099513,
            500
          ],
          [
            106.81480059288192,
            29.718595350099513,
            500
          ]
        ]
      },
      "properties": {
        "roadKey": "road_1754804b0dd42c1e46bbeeb0c77ba77d22528fb6ecb5dfec638912c0e994d0fa",
        "sourceRoadId": "13",
        "sourceRoadName": "Road 13",
        "sourceRoadGuid": null,
        "sourceFeatureReferenceKey": "wrf_a4c3c56fc1acaffbf814db7e673ffe74",
        "sourceFeatureVersion": "od-6f4042d643fb786a",
        "physicalRoadGroupKey": "prg_35176252dc2b8a5e7348cf1fe882ffb1cf427890437549e63fc78b3325442ca2",
        "roadClass": "XODR_TOWN",
        "widthM": 40,
        "widthSource": "XODR_DERIVED_UNVERIFIED",
        "surfaceMaterial": "UNKNOWN",
        "surfaceSource": "MISSING_IN_XODR",
        "oneWay": false,
        "serviceEligible": true,
        "speedMps": 17.8816,
        "speedSource": "XODR_UNIFORM_SOURCE",
        "sourceFormat": "XODR",
        "sourceArtifactHash": "sha256:f9119c2fa0c73093c2c2d15d262ede56fbcefd3de091f652523559aca13d3481",
        "conditionClass": "UNKNOWN"
      }
    },
    {
      "type": "Feature",
      "id": "road_18904f0f6697c8f762f3a3d9e855342d91bf7109ae099b944964a9d18b357546",
      "geometry": {
        "type": "LineString",
        "coordinates": [
          [
            106.81413584291873,
            29.7195006634245,
            500
          ],
          [
            106.81414482602224,
            29.719500663407818,
            500
          ],
          [
            106.81415380912576,
            29.71950066339113,
            500
          ],
          [
            106.81416279222927,
            29.719500663374447,
            500
          ],
          [
            106.81417177533277,
            29.71950066335776,
            500
          ],
          [
            106.81418075843628,
            29.719500663341076,
            500
          ],
          [
            106.81418974153979,
            29.71950066332439,
            500
          ],
          [
            106.8141987246433,
            29.719500663307706,
            500
          ],
          [
            106.81420770774682,
            29.719500663291022,
            500
          ],
          [
            106.81421669085033,
            29.719500663274335,
            500
          ],
          [
            106.81422567395383,
            29.71950066325765,
            500
          ],
          [
            106.81423465705734,
            29.719500663240964,
            500
          ],
          [
            106.81424364016085,
            29.71950066322428,
            500
          ],
          [
            106.81425262326437,
            29.719500663207594,
            500
          ],
          [
            106.81426160636788,
            29.71950066319091,
            500
          ],
          [
            106.81427058947139,
            29.719500663174223,
            500
          ],
          [
            106.8142795725749,
            29.71950066315754,
            500
          ],
          [
            106.8142885556784,
            29.719500663140856,
            500
          ],
          [
            106.81429753878191,
            29.71950066312417,
            500
          ],
          [
            106.81430652188543,
            29.719500663107485,
            500
          ],
          [
            106.81431550498894,
            29.7195006630908,
            500
          ],
          [
            106.81432448809245,
            29.719500663074115,
            500
          ],
          [
            106.81433347119597,
            29.719500663057428,
            500
          ],
          [
            106.81434245429948,
            29.719500663040744,
            500
          ],
          [
            106.81435143740298,
            29.71950066302406,
            500
          ],
          [
            106.81436042050649,
            29.719500663007373,
            500
          ],
          [
            106.81436940361,
            29.71950066299069,
            500
          ],
          [
            106.81437838671351,
            29.719500662974003,
            500
          ],
          [
            106.81438736981703,
            29.71950066295732,
            500
          ],
          [
            106.81439635292054,
            29.719500662940632,
            500
          ],
          [
            106.81440533602405,
            29.71950066292395,
            500
          ],
          [
            106.81441431912755,
            29.71950066290726,
            500
          ],
          [
            106.81442330223106,
            29.719500662890578,
            500
          ],
          [
            106.81443228533458,
            29.719500662873894,
            500
          ],
          [
            106.81444126843809,
            29.719500662857207,
            500
          ],
          [
            106.8144502515416,
            29.719500662840524,
            500
          ],
          [
            106.81445923464511,
            29.719500662823837,
            500
          ],
          [
            106.81446821774863,
            29.719500662807153,
            500
          ],
          [
            106.81447720085212,
            29.719500662790466,
            500
          ],
          [
            106.81448618395564,
            29.719500662773783,
            500
          ],
          [
            106.81449516705915,
            29.7195006627571,
            500
          ],
          [
            106.81450415016266,
            29.719500662740412,
            500
          ],
          [
            106.81451313326617,
            29.71950066272373,
            500
          ],
          [
            106.81452211636969,
            29.71950066270704,
            500
          ],
          [
            106.81453109947319,
            29.719500662690358,
            500
          ],
          [
            106.8145400825767,
            29.71950066267367,
            500
          ],
          [
            106.81454906568021,
            29.719500662656987,
            500
          ],
          [
            106.81455804878372,
            29.7195006626403,
            500
          ],
          [
            106.81456703188724,
            29.719500662623616,
            500
          ],
          [
            106.81457601499075,
            29.719500662606933,
            500
          ],
          [
            106.81458499809426,
            29.719500662590246,
            500
          ],
          [
            106.81459398119776,
            29.719500662573562,
            500
          ],
          [
            106.81460296430127,
            29.719500662556875,
            500
          ],
          [
            106.81461194740479,
            29.71950066254019,
            500
          ],
          [
            106.8146209305083,
            29.719500662523505,
            500
          ],
          [
            106.81462991361181,
            29.71950066250682,
            500
          ],
          [
            106.81463889671532,
            29.719500662490137,
            500
          ],
          [
            106.81464787981884,
            29.71950066247345,
            500
          ],
          [
            106.81465686292233,
            29.719500662456767,
            500
          ],
          [
            106.81466584602585,
            29.71950066244008,
            500
          ],
          [
            106.81467482912936,
            29.719500662423396,
            500
          ],
          [
            106.81468381223287,
            29.71950066240671,
            500
          ],
          [
            106.81469279533638,
            29.719500662390026,
            500
          ],
          [
            106.8147017784399,
            29.71950066237334,
            500
          ],
          [
            106.81471076154341,
            29.719500662356655,
            500
          ],
          [
            106.81471974464691,
            29.71950066233997,
            500
          ],
          [
            106.81472872775042,
            29.719500662323284,
            500
          ],
          [
            106.81473771085393,
            29.7195006623066,
            500
          ],
          [
            106.81474669395745,
            29.719500662289914,
            500
          ],
          [
            106.81475567706096,
            29.71950066227323,
            500
          ],
          [
            106.81476466016447,
            29.719500662256543,
            500
          ],
          [
            106.81477364326797,
            29.71950066223986,
            500
          ],
          [
            106.81478262637148,
            29.719500662223176,
            500
          ],
          [
            106.814791609475,
            29.71950066220649,
            500
          ],
          [
            106.81480059257851,
            29.719500662189805,
            500
          ]
        ]
      },
      "properties": {
        "roadKey": "road_18904f0f6697c8f762f3a3d9e855342d91bf7109ae099b944964a9d18b357546",
        "sourceRoadId": "22",
        "sourceRoadName": "Road 22",
        "sourceRoadGuid": null,
        "sourceFeatureReferenceKey": "wrf_d66c9ed336b0c1e156bfa51f57a70326",
        "sourceFeatureVersion": "od-cb42ce64af5cc833",
        "physicalRoadGroupKey": "prg_81f2cd17fb501a3037d6eec6fb92063707ddc1b37b6cc5960a6587104d0504c6",
        "roadClass": "XODR_TOWN",
        "widthM": 16,
        "widthSource": "XODR_DERIVED_UNVERIFIED",
        "surfaceMaterial": "UNKNOWN",
        "surfaceSource": "MISSING_IN_XODR",
        "oneWay": false,
        "serviceEligible": true,
        "speedMps": 17.8816,
        "speedSource": "XODR_UNIFORM_SOURCE",
        "sourceFormat": "XODR",
        "sourceArtifactHash": "sha256:f9119c2fa0c73093c2c2d15d262ede56fbcefd3de091f652523559aca13d3481",
        "conditionClass": "UNKNOWN"
      }
    },
    {
      "type": "Feature",
      "id": "road_1fa498fd73c28bcc85b9703467c641651be59255359843dafce79fea7d7b5bdd",
      "geometry": {
        "type": "LineString",
        "coordinates": [
          [
            106.81116692418254,
            29.717781165189074,
            500
          ],
          [
            106.81116695348291,
            29.71777485759104,
            500
          ],
          [
            106.81116715853604,
            29.717768553719402,
            500
          ],
          [
            106.81116783259124,
            29.71776101638889,
            500
          ],
          [
            106.81116900891767,
            29.717753541845735,
            500
          ],
          [
            106.81117068217941,
            29.71774616399512,
            500
          ],
          [
            106.8111728447864,
            29.717738916303627,
            500
          ],
          [
            106.81117548692885,
            29.71773183164742,
            500
          ],
          [
            106.81117801982174,
            29.717726063195776,
            500
          ],
          [
            106.81118071264679,
            29.71772036822769,
            500
          ],
          [
            106.81118091729358,
            29.717719940592065,
            500
          ],
          [
            106.81118352575726,
            29.717714648871386,
            500
          ],
          [
            106.81118649467636,
            29.717709556243772,
            500
          ],
          [
            106.81119211616449,
            29.717702759037884,
            500
          ],
          [
            106.81119902290884,
            29.717697293511602,
            500
          ],
          [
            106.81120691051673,
            29.717693400540526,
            500
          ],
          [
            106.81121543136707,
            29.71769125169491,
            500
          ],
          [
            106.8112212758211,
            29.717690769226834,
            500
          ],
          [
            106.81122714188047,
            29.71769070019902,
            500
          ],
          [
            106.81123251518612,
            29.71769070019902,
            500
          ],
          [
            106.81123788849177,
            29.71769070019902,
            500
          ]
        ]
      },
      "properties": {
        "roadKey": "road_1fa498fd73c28bcc85b9703467c641651be59255359843dafce79fea7d7b5bdd",
        "sourceRoadId": "3",
        "sourceRoadName": "Road 3",
        "sourceRoadGuid": null,
        "sourceFeatureReferenceKey": "wrf_5627e1efa3af8ae87da31b02242c81ab",
        "sourceFeatureVersion": "od-74d7c88cc91b6f30",
        "physicalRoadGroupKey": "prg_042089c9dfb3f11f71d534d05a3305d9cdf02ea88627282437777f3d69c10b12",
        "roadClass": "XODR_TOWN",
        "widthM": 10,
        "widthSource": "XODR_DERIVED_UNVERIFIED",
        "surfaceMaterial": "UNKNOWN",
        "surfaceSource": "MISSING_IN_XODR",
        "oneWay": false,
        "serviceEligible": true,
        "speedMps": 17.8816,
        "speedSource": "XODR_UNIFORM_SOURCE",
        "sourceFormat": "XODR",
        "sourceArtifactHash": "sha256:f9119c2fa0c73093c2c2d15d262ede56fbcefd3de091f652523559aca13d3481",
        "conditionClass": "UNKNOWN"
      }
    },
    {
      "type": "Feature",
      "id": "road_22d0b1ec698138625232d4a29e94a3bce91ddbf8adcdad0160c0d1ed2fb17b73",
      "geometry": {
        "type": "LineString",
        "coordinates": [
          [
            106.81635878286828,
            29.71950065929564,
            500
          ],
          [
            106.81636775664589,
            29.719500659278975,
            500
          ],
          [
            106.8163767304235,
            29.719500659262305,
            500
          ],
          [
            106.81638570420111,
            29.71950065924564,
            500
          ],
          [
            106.81639467797872,
            29.71950065922897,
            500
          ],
          [
            106.81640365175633,
            29.719500659212304,
            500
          ],
          [
            106.81641262553394,
            29.719500659195635,
            500
          ],
          [
            106.81642159931157,
            29.719500659178966,
            500
          ],
          [
            106.81643057308918,
            29.7195006591623,
            500
          ],
          [
            106.81643954686679,
            29.71950065914563,
            500
          ],
          [
            106.8164485206444,
            29.719500659128965,
            500
          ],
          [
            106.81645749442201,
            29.719500659112295,
            500
          ],
          [
            106.81646646819962,
            29.71950065909563,
            500
          ],
          [
            106.81647544197723,
            29.71950065907896,
            500
          ],
          [
            106.81648441575484,
            29.719500659062295,
            500
          ],
          [
            106.81649338953245,
            29.719500659045625,
            500
          ],
          [
            106.81650236331006,
            29.719500659028956,
            500
          ],
          [
            106.81651133708768,
            29.71950065901229,
            500
          ],
          [
            106.8165203108653,
            29.71950065899562,
            500
          ],
          [
            106.81652928464291,
            29.719500658978955,
            500
          ],
          [
            106.81653825842052,
            29.719500658962286,
            500
          ],
          [
            106.81654723219813,
            29.71950065894562,
            500
          ],
          [
            106.81655620597574,
            29.71950065892895,
            500
          ],
          [
            106.81656517975335,
            29.71950065891228,
            500
          ],
          [
            106.81657415353096,
            29.719500658895615,
            500
          ],
          [
            106.81658312730858,
            29.719500658878946,
            500
          ],
          [
            106.81659210108619,
            29.71950065886228,
            500
          ],
          [
            106.8166010748638,
            29.71950065884561,
            500
          ],
          [
            106.81661004864142,
            29.719500658828945,
            500
          ],
          [
            106.81661902241903,
            29.719500658812276,
            500
          ],
          [
            106.81662799619664,
            29.71950065879561,
            500
          ],
          [
            106.81663696997425,
            29.71950065877894,
            500
          ],
          [
            106.81664594375187,
            29.71950065876227,
            500
          ],
          [
            106.81665491752948,
            29.719500658745606,
            500
          ],
          [
            106.81666389130709,
            29.719500658728936,
            500
          ],
          [
            106.8166728650847,
            29.71950065871227,
            500
          ],
          [
            106.81668183886231,
            29.7195006586956,
            500
          ],
          [
            106.81669081263992,
            29.719500658678935,
            500
          ],
          [
            106.81669978641753,
            29.719500658662266,
            500
          ],
          [
            106.81670876019516,
            29.719500658645597,
            500
          ],
          [
            106.81671773397277,
            29.71950065862893,
            500
          ],
          [
            106.81672670775038,
            29.71950065861226,
            500
          ],
          [
            106.81673568152799,
            29.719500658595596,
            500
          ],
          [
            106.8167446553056,
            29.719500658578927,
            500
          ],
          [
            106.81675362908321,
            29.71950065856226,
            500
          ],
          [
            106.81676260286082,
            29.71950065854559,
            500
          ],
          [
            106.81677157663843,
            29.719500658528926,
            500
          ],
          [
            106.81678055041604,
            29.719500658512256,
            500
          ],
          [
            106.81678952419365,
            29.719500658495587,
            500
          ],
          [
            106.81679849797126,
            29.71950065847892,
            500
          ],
          [
            106.81680747174889,
            29.719500658462252,
            500
          ],
          [
            106.8168164455265,
            29.719500658445586,
            500
          ],
          [
            106.81682541930411,
            29.719500658428917,
            500
          ],
          [
            106.81683439308172,
            29.71950065841225,
            500
          ],
          [
            106.81684336685933,
            29.71950065839558,
            500
          ],
          [
            106.81685234063694,
            29.719500658378912,
            500
          ],
          [
            106.81686131441455,
            29.719500658362247,
            500
          ],
          [
            106.81687028819216,
            29.719500658345577,
            500
          ],
          [
            106.81687926196977,
            29.71950065832891,
            500
          ],
          [
            106.81688823574738,
            29.719500658312242,
            500
          ],
          [
            106.81689720952501,
            29.719500658295576,
            500
          ],
          [
            106.81690618330262,
            29.719500658278907,
            500
          ],
          [
            106.81691515708023,
            29.71950065826224,
            500
          ],
          [
            106.81692413085784,
            29.719500658245572,
            500
          ],
          [
            106.81693310463545,
            29.719500658228903,
            500
          ],
          [
            106.81694207841306,
            29.719500658212237,
            500
          ],
          [
            106.81695105219067,
            29.719500658195567,
            500
          ],
          [
            106.81696002596829,
            29.7195006581789,
            500
          ],
          [
            106.8169689997459,
            29.719500658162232,
            500
          ],
          [
            106.8169779735235,
            29.719500658145567,
            500
          ],
          [
            106.81698694730112,
            29.719500658128897,
            500
          ],
          [
            106.81699592107874,
            29.719500658112228,
            500
          ],
          [
            106.81700489485635,
            29.719500658095562,
            500
          ],
          [
            106.81701386863396,
            29.719500658078893,
            500
          ],
          [
            106.81702284241157,
            29.719500658062227,
            500
          ],
          [
            106.81703181618919,
            29.719500658045558,
            500
          ],
          [
            106.8170407899668,
            29.719500658028892,
            500
          ],
          [
            106.81704976374441,
            29.719500658012223,
            500
          ],
          [
            106.81705873752202,
            29.719500657995557,
            500
          ],
          [
            106.81706771129963,
            29.719500657978887,
            500
          ],
          [
            106.81707668507724,
            29.719500657962218,
            500
          ]
        ]
      },
      "properties": {
        "roadKey": "road_22d0b1ec698138625232d4a29e94a3bce91ddbf8adcdad0160c0d1ed2fb17b73",
        "sourceRoadId": "24",
        "sourceRoadName": "Road 24",
        "sourceRoadGuid": null,
        "sourceFeatureReferenceKey": "wrf_da525e4a0e56a26b8b4cfbbeb56dd451",
        "sourceFeatureVersion": "od-3840ca82adad9f11",
        "physicalRoadGroupKey": "prg_f91b1dbe83b3765caab0d1e940090c27c75c2d14eed1ab750f391e407a437209",
        "roadClass": "XODR_TOWN",
        "widthM": 16,
        "widthSource": "XODR_DERIVED_UNVERIFIED",
        "surfaceMaterial": "UNKNOWN",
        "surfaceSource": "MISSING_IN_XODR",
        "oneWay": false,
        "serviceEligible": true,
        "speedMps": 17.8816,
        "speedSource": "XODR_UNIFORM_SOURCE",
        "sourceFormat": "XODR",
        "sourceArtifactHash": "sha256:f9119c2fa0c73093c2c2d15d262ede56fbcefd3de091f652523559aca13d3481",
        "conditionClass": "UNKNOWN"
      }
    },
    {
      "type": "Feature",
      "id": "road_2a2cceb7a7c941460a655d28abf5f60d81a5703cd1bb9862f08d709ec68f98db",
      "geometry": {
        "type": "LineString",
        "coordinates": [
          [
            106.81485,
            29.72025204158015,
            500
          ],
          [
            106.81485,
            29.720260540787983,
            500
          ],
          [
            106.81485,
            29.72026903999582,
            500
          ],
          [
            106.81485,
            29.720277539203657,
            500
          ],
          [
            106.81485,
            29.720286038411494,
            500
          ],
          [
            106.81485,
            29.72029453761933,
            500
          ],
          [
            106.81485,
            29.720303036827165,
            500
          ],
          [
            106.81485,
            29.720311536035002,
            500
          ],
          [
            106.81485,
            29.72032003524284,
            500
          ],
          [
            106.81485,
            29.720328534450676,
            500
          ],
          [
            106.81485,
            29.72033703365851,
            500
          ],
          [
            106.81485,
            29.720345532866347,
            500
          ],
          [
            106.81485,
            29.720354032074184,
            500
          ],
          [
            106.81485,
            29.72036253128202,
            500
          ],
          [
            106.81485,
            29.720371030489858,
            500
          ]
        ]
      },
      "properties": {
        "roadKey": "road_2a2cceb7a7c941460a655d28abf5f60d81a5703cd1bb9862f08d709ec68f98db",
        "sourceRoadId": "17",
        "sourceRoadName": "Road 17",
        "sourceRoadGuid": null,
        "sourceFeatureReferenceKey": "wrf_3084c69dd3dcd5c73b2321f218698abb",
        "sourceFeatureVersion": "od-c47d8ffd09d478b2",
        "physicalRoadGroupKey": "prg_d13aa7af19e60a6ff4c646b3db5cf56111ba0447c262c1f58ff7c470aff7cce4",
        "roadClass": "XODR_TOWN",
        "widthM": 40,
        "widthSource": "XODR_DERIVED_UNVERIFIED",
        "surfaceMaterial": "UNKNOWN",
        "surfaceSource": "MISSING_IN_XODR",
        "oneWay": false,
        "serviceEligible": true,
        "speedMps": 17.8816,
        "speedSource": "XODR_UNIFORM_SOURCE",
        "sourceFormat": "XODR",
        "sourceArtifactHash": "sha256:f9119c2fa0c73093c2c2d15d262ede56fbcefd3de091f652523559aca13d3481",
        "conditionClass": "UNKNOWN"
      }
    },
    {
      "type": "Feature",
      "id": "road_2abd8d9c7be84eb5df6b360f692c4cbb193f5893101b209c9adb69c9615b1ab9",
      "geometry": {
        "type": "LineString",
        "coordinates": [
          [
            106.8151239846072,
            29.71950066158914,
            500
          ],
          [
            106.8151329343204,
            29.719500661572518,
            500
          ],
          [
            106.81514188403362,
            29.719500661555895,
            500
          ],
          [
            106.81515083374683,
            29.71950066153927,
            500
          ],
          [
            106.81515978346005,
            29.71950066152265,
            500
          ],
          [
            106.81516873317325,
            29.719500661506025,
            500
          ],
          [
            106.81517768288647,
            29.719500661489402,
            500
          ],
          [
            106.81518663259968,
            29.71950066147278,
            500
          ],
          [
            106.8151955823129,
            29.719500661456156,
            500
          ],
          [
            106.8152045320261,
            29.719500661439533,
            500
          ],
          [
            106.81521348173932,
            29.71950066142291,
            500
          ],
          [
            106.81522243145253,
            29.719500661406286,
            500
          ],
          [
            106.81523138116575,
            29.719500661389663,
            500
          ],
          [
            106.81524033087895,
            29.71950066137304,
            500
          ],
          [
            106.81524928059217,
            29.719500661356417,
            500
          ],
          [
            106.81525823030537,
            29.719500661339794,
            500
          ],
          [
            106.8152671800186,
            29.71950066132317,
            500
          ],
          [
            106.8152761297318,
            29.719500661306547,
            500
          ],
          [
            106.81528507944502,
            29.719500661289924,
            500
          ],
          [
            106.81529402915822,
            29.7195006612733,
            500
          ],
          [
            106.81530297887144,
            29.719500661256678,
            500
          ],
          [
            106.81531192858465,
            29.719500661240055,
            500
          ],
          [
            106.81532087829787,
            29.71950066122343,
            500
          ],
          [
            106.81532982801107,
            29.71950066120681,
            500
          ],
          [
            106.81533877772429,
            29.719500661190185,
            500
          ],
          [
            106.8153477274375,
            29.719500661173562,
            500
          ],
          [
            106.81535667715072,
            29.71950066115694,
            500
          ],
          [
            106.81536562686392,
            29.719500661140316,
            500
          ],
          [
            106.81537457657713,
            29.719500661123693,
            500
          ],
          [
            106.81538352629035,
            29.71950066110707,
            500
          ],
          [
            106.81539247600355,
            29.719500661090446,
            500
          ],
          [
            106.81540142571677,
            29.719500661073823,
            500
          ],
          [
            106.81541037542998,
            29.7195006610572,
            500
          ],
          [
            106.8154193251432,
            29.719500661040577,
            500
          ],
          [
            106.8154282748564,
            29.719500661023954,
            500
          ],
          [
            106.81543722456962,
            29.71950066100733,
            500
          ],
          [
            106.81544617428283,
            29.719500660990708,
            500
          ],
          [
            106.81545512399605,
            29.719500660974084,
            500
          ],
          [
            106.81546407370925,
            29.71950066095746,
            500
          ],
          [
            106.81547302342247,
            29.719500660940838,
            500
          ],
          [
            106.81548197313568,
            29.719500660924215,
            500
          ],
          [
            106.8154909228489,
            29.719500660907595,
            500
          ],
          [
            106.8154998725621,
            29.719500660890972,
            500
          ],
          [
            106.81550882227532,
            29.71950066087435,
            500
          ],
          [
            106.81551777198852,
            29.719500660857726,
            500
          ],
          [
            106.81552672170174,
            29.719500660841103,
            500
          ],
          [
            106.81553567141495,
            29.71950066082448,
            500
          ],
          [
            106.81554462112817,
            29.719500660807856,
            500
          ],
          [
            106.81555357084137,
            29.719500660791233,
            500
          ],
          [
            106.8155625205546,
            29.71950066077461,
            500
          ],
          [
            106.8155714702678,
            29.719500660757987,
            500
          ],
          [
            106.81558041998102,
            29.719500660741364,
            500
          ],
          [
            106.81558936969422,
            29.71950066072474,
            500
          ],
          [
            106.81559831940744,
            29.719500660708118,
            500
          ],
          [
            106.81560726912065,
            29.719500660691494,
            500
          ],
          [
            106.81561621883387,
            29.71950066067487,
            500
          ],
          [
            106.81562516854707,
            29.719500660658248,
            500
          ],
          [
            106.81563411826029,
            29.719500660641625,
            500
          ],
          [
            106.8156430679735,
            29.719500660625002,
            500
          ],
          [
            106.81565201768672,
            29.71950066060838,
            500
          ],
          [
            106.81566096739992,
            29.719500660591756,
            500
          ],
          [
            106.81566991711314,
            29.719500660575132,
            500
          ],
          [
            106.81567886682635,
            29.71950066055851,
            500
          ],
          [
            106.81568781653957,
            29.719500660541886,
            500
          ],
          [
            106.81569676625277,
            29.719500660525263,
            500
          ],
          [
            106.81570571596599,
            29.71950066050864,
            500
          ],
          [
            106.8157146656792,
            29.719500660492017,
            500
          ],
          [
            106.81572361539241,
            29.719500660475394,
            500
          ],
          [
            106.81573256510562,
            29.71950066045877,
            500
          ],
          [
            106.81574151481884,
            29.719500660442147,
            500
          ],
          [
            106.81575046453204,
            29.719500660425524,
            500
          ],
          [
            106.81575941424526,
            29.7195006604089,
            500
          ],
          [
            106.81576836395847,
            29.719500660392278,
            500
          ],
          [
            106.81577731367167,
            29.719500660375655,
            500
          ],
          [
            106.8157862633849,
            29.71950066035903,
            500
          ],
          [
            106.8157952130981,
            29.71950066034241,
            500
          ],
          [
            106.81580416281132,
            29.719500660325785,
            500
          ],
          [
            106.81581311252452,
            29.719500660309162,
            500
          ],
          [
            106.81582206223774,
            29.71950066029254,
            500
          ],
          [
            106.81583101195095,
            29.719500660275916,
            500
          ],
          [
            106.81583996166417,
            29.719500660259293,
            500
          ],
          [
            106.81584891137737,
            29.71950066024267,
            500
          ],
          [
            106.81585786109059,
            29.719500660226046,
            500
          ],
          [
            106.8158668108038,
            29.719500660209423,
            500
          ],
          [
            106.81587576051702,
            29.7195006601928,
            500
          ],
          [
            106.81588471023022,
            29.719500660176177,
            500
          ],
          [
            106.81589365994344,
            29.719500660159554,
            500
          ],
          [
            106.81590260965665,
            29.71950066014293,
            500
          ],
          [
            106.81591155936987,
            29.719500660126307,
            500
          ],
          [
            106.81592050908307,
            29.719500660109684,
            500
          ]
        ]
      },
      "properties": {
        "roadKey": "road_2abd8d9c7be84eb5df6b360f692c4cbb193f5893101b209c9adb69c9615b1ab9",
        "sourceRoadId": "23",
        "sourceRoadName": "Road 23",
        "sourceRoadGuid": null,
        "sourceFeatureReferenceKey": "wrf_e1902eb48de35cbeeb69f377502ea966",
        "sourceFeatureVersion": "od-cc0514e7e9fab9d1",
        "physicalRoadGroupKey": "prg_a057900410089f932e7f3871ea58283aad934c0a8db289b8327372d24e301a46",
        "roadClass": "XODR_TOWN",
        "widthM": 16,
        "widthSource": "XODR_DERIVED_UNVERIFIED",
        "surfaceMaterial": "UNKNOWN",
        "surfaceSource": "MISSING_IN_XODR",
        "oneWay": false,
        "serviceEligible": true,
        "speedMps": 17.8816,
        "speedSource": "XODR_UNIFORM_SOURCE",
        "sourceFormat": "XODR",
        "sourceArtifactHash": "sha256:f9119c2fa0c73093c2c2d15d262ede56fbcefd3de091f652523559aca13d3481",
        "conditionClass": "UNKNOWN"
      }
    },
    {
      "type": "Feature",
      "id": "road_2eb77fc265acbcb2591d32607079f9ef1e4c7b32dbc74780731f1c1c54e1b54a",
      "geometry": {
        "type": "LineString",
        "coordinates": [
          [
            106.8184620818077,
            29.717691475013833,
            500
          ],
          [
            106.81846980583029,
            29.717692634214764,
            500
          ],
          [
            106.81847743041976,
            29.717694334662134,
            500
          ],
          [
            106.81848491822626,
            29.71769656802612,
            500
          ],
          [
            106.81849223257002,
            29.717699323366368,
            500
          ],
          [
            106.81849796060312,
            29.71770187413203,
            500
          ],
          [
            106.81850361566755,
            29.717704585958376,
            500
          ],
          [
            106.8185040403068,
            29.717704792049215,
            500
          ],
          [
            106.81850929494932,
            29.717707418918916,
            500
          ],
          [
            106.81851435189377,
            29.71771040878752,
            500
          ],
          [
            106.81852110147281,
            29.717716069942384,
            500
          ],
          [
            106.81852652870309,
            29.71772302542258,
            500
          ],
          [
            106.81853039439679,
            29.71773096868755,
            500
          ],
          [
            106.81853252818581,
            29.7177395496633,
            500
          ],
          [
            106.81853300727333,
            29.71774543535737,
            500
          ],
          [
            106.81853307581747,
            29.717751342809233,
            500
          ],
          [
            106.81853307581747,
            29.717756754030383,
            500
          ],
          [
            106.81853307581747,
            29.71776216525153,
            500
          ]
        ]
      },
      "properties": {
        "roadKey": "road_2eb77fc265acbcb2591d32607079f9ef1e4c7b32dbc74780731f1c1c54e1b54a",
        "sourceRoadId": "5",
        "sourceRoadName": "Road 5",
        "sourceRoadGuid": null,
        "sourceFeatureReferenceKey": "wrf_4ffb5e46c0c3f7a61c119a4df6eec313",
        "sourceFeatureVersion": "od-a9118155a2ec6efb",
        "physicalRoadGroupKey": "prg_236dfd3b2d6bf299e550e78f1e384e02db054df73c742fd399962b48d2aac8ad",
        "roadClass": "XODR_TOWN",
        "widthM": 10,
        "widthSource": "XODR_DERIVED_UNVERIFIED",
        "surfaceMaterial": "UNKNOWN",
        "surfaceSource": "MISSING_IN_XODR",
        "oneWay": false,
        "serviceEligible": true,
        "speedMps": 17.8816,
        "speedSource": "XODR_UNIFORM_SOURCE",
        "sourceFormat": "XODR",
        "sourceArtifactHash": "sha256:f9119c2fa0c73093c2c2d15d262ede56fbcefd3de091f652523559aca13d3481",
        "conditionClass": "UNKNOWN"
      }
    },
    {
      "type": "Feature",
      "id": "road_3987fa8546e20566afdd7e51569d7a2286b155f8c0994a3a84781435f588665f",
      "geometry": {
        "type": "LineString",
        "coordinates": [
          [
            106.81125675530004,
            29.72130929980098,
            500
          ],
          [
            106.81126572643431,
            29.72130929980098,
            500
          ],
          [
            106.81127469756858,
            29.72130929980098,
            500
          ],
          [
            106.81128366870284,
            29.72130929980098,
            500
          ],
          [
            106.81129263983712,
            29.72130929980098,
            500
          ],
          [
            106.81130161097138,
            29.72130929980098,
            500
          ],
          [
            106.81131058210565,
            29.72130929980098,
            500
          ],
          [
            106.81131955323991,
            29.72130929980098,
            500
          ],
          [
            106.81132852437419,
            29.72130929980098,
            500
          ],
          [
            106.81133749550845,
            29.72130929980098,
            500
          ],
          [
            106.81134646664272,
            29.72130929980098,
            500
          ],
          [
            106.81135543777698,
            29.72130929980098,
            500
          ],
          [
            106.81136440891126,
            29.72130929980098,
            500
          ],
          [
            106.81137338004552,
            29.72130929980098,
            500
          ],
          [
            106.81138235117979,
            29.72130929980098,
            500
          ],
          [
            106.81139132231405,
            29.72130929980098,
            500
          ],
          [
            106.81140029344833,
            29.72130929980098,
            500
          ],
          [
            106.8114092645826,
            29.72130929980098,
            500
          ],
          [
            106.81141823571686,
            29.72130929980098,
            500
          ],
          [
            106.81142720685112,
            29.72130929980098,
            500
          ],
          [
            106.8114361779854,
            29.72130929980098,
            500
          ],
          [
            106.81144514911966,
            29.72130929980098,
            500
          ],
          [
            106.81145412025393,
            29.72130929980098,
            500
          ],
          [
            106.81146309138819,
            29.72130929980098,
            500
          ],
          [
            106.81147206252247,
            29.72130929980098,
            500
          ],
          [
            106.81148103365673,
            29.72130929980098,
            500
          ],
          [
            106.811490004791,
            29.72130929980098,
            500
          ],
          [
            106.81149897592526,
            29.72130929980098,
            500
          ],
          [
            106.81150794705954,
            29.72130929980098,
            500
          ],
          [
            106.8115169181938,
            29.72130929980098,
            500
          ],
          [
            106.81152588932807,
            29.72130929980098,
            500
          ],
          [
            106.81153486046233,
            29.72130929980098,
            500
          ],
          [
            106.81154383159661,
            29.72130929980098,
            500
          ],
          [
            106.81155280273087,
            29.72130929980098,
            500
          ],
          [
            106.81156177386514,
            29.72130929980098,
            500
          ],
          [
            106.81157074499941,
            29.72130929980098,
            500
          ],
          [
            106.81157971613368,
            29.72130929980098,
            500
          ],
          [
            106.81158868726794,
            29.72130929980098,
            500
          ],
          [
            106.8115976584022,
            29.72130929980098,
            500
          ],
          [
            106.81160662953648,
            29.72130929980098,
            500
          ],
          [
            106.81161560067075,
            29.72130929980098,
            500
          ],
          [
            106.81162457180501,
            29.72130929980098,
            500
          ],
          [
            106.81163354293928,
            29.72130929980098,
            500
          ],
          [
            106.81164251407355,
            29.72130929980098,
            500
          ],
          [
            106.81165148520782,
            29.72130929980098,
            500
          ],
          [
            106.81166045634208,
            29.72130929980098,
            500
          ],
          [
            106.81166942747635,
            29.72130929980098,
            500
          ],
          [
            106.81167839861062,
            29.72130929980098,
            500
          ],
          [
            106.81168736974489,
            29.72130929980098,
            500
          ],
          [
            106.81169634087915,
            29.72130929980098,
            500
          ],
          [
            106.81170531201342,
            29.72130929980098,
            500
          ],
          [
            106.8117142831477,
            29.72130929980098,
            500
          ],
          [
            106.81172325428196,
            29.72130929980098,
            500
          ],
          [
            106.81173222541622,
            29.72130929980098,
            500
          ],
          [
            106.81174119655049,
            29.72130929980098,
            500
          ],
          [
            106.81175016768476,
            29.72130929980098,
            500
          ],
          [
            106.81175913881903,
            29.72130929980098,
            500
          ],
          [
            106.81176810995329,
            29.72130929980098,
            500
          ],
          [
            106.81177708108756,
            29.72130929980098,
            500
          ],
          [
            106.81178605222183,
            29.72130929980098,
            500
          ],
          [
            106.8117950233561,
            29.72130929980098,
            500
          ],
          [
            106.81180399449036,
            29.72130929980098,
            500
          ],
          [
            106.81181296562464,
            29.72130929980098,
            500
          ],
          [
            106.8118219367589,
            29.72130929980098,
            500
          ],
          [
            106.81183090789317,
            29.72130929980098,
            500
          ],
          [
            106.81183987902743,
            29.72130929980098,
            500
          ],
          [
            106.81184885016171,
            29.72130929980098,
            500
          ],
          [
            106.81185782129597,
            29.72130929980098,
            500
          ],
          [
            106.81186679243024,
            29.72130929980098,
            500
          ],
          [
            106.8118757635645,
            29.72130929980098,
            500
          ],
          [
            106.81188473469878,
            29.72130929980098,
            500
          ],
          [
            106.81189370583304,
            29.72130929980098,
            500
          ],
          [
            106.8119026769673,
            29.72130929980098,
            500
          ],
          [
            106.81191164810157,
            29.72130929980098,
            500
          ],
          [
            106.81192061923585,
            29.72130929980098,
            500
          ],
          [
            106.81192959037011,
            29.72130929980098,
            500
          ],
          [
            106.81193856150438,
            29.72130929980098,
            500
          ],
          [
            106.81194753263864,
            29.72130929980098,
            500
          ],
          [
            106.81195650377292,
            29.72130929980098,
            500
          ],
          [
            106.81196547490718,
            29.72130929980098,
            500
          ],
          [
            106.81197444604145,
            29.72130929980098,
            500
          ],
          [
            106.81198341717571,
            29.72130929980098,
            500
          ],
          [
            106.81199238830999,
            29.72130929980098,
            500
          ],
          [
            106.81200135944425,
            29.72130929980098,
            500
          ],
          [
            106.81201033057852,
            29.72130929980098,
            500
          ],
          [
            106.81201930171278,
            29.72130929980098,
            500
          ],
          [
            106.81202827284706,
            29.72130929980098,
            500
          ],
          [
            106.81203724398132,
            29.72130929980098,
            500
          ],
          [
            106.81204621511559,
            29.72130929980098,
            500
          ],
          [
            106.81205518624985,
            29.72130929980098,
            500
          ],
          [
            106.81206415738413,
            29.72130929980098,
            500
          ],
          [
            106.81207312851839,
            29.72130929980098,
            500
          ],
          [
            106.81208209965266,
            29.72130929980098,
            500
          ],
          [
            106.81209107078693,
            29.72130929980098,
            500
          ],
          [
            106.8121000419212,
            29.72130929980098,
            500
          ],
          [
            106.81210901305546,
            29.72130929980098,
            500
          ],
          [
            106.81211798418973,
            29.72130929980098,
            500
          ],
          [
            106.812126955324,
            29.72130929980098,
            500
          ],
          [
            106.81213592645827,
            29.72130929980098,
            500
          ],
          [
            106.81214489759253,
            29.72130929980098,
            500
          ],
          [
            106.8121538687268,
            29.72130929980098,
            500
          ],
          [
            106.81216283986107,
            29.72130929980098,
            500
          ],
          [
            106.81217181099534,
            29.72130929980098,
            500
          ],
          [
            106.8121807821296,
            29.72130929980098,
            500
          ],
          [
            106.81218975326387,
            29.72130929980098,
            500
          ],
          [
            106.81219872439814,
            29.72130929980098,
            500
          ],
          [
            106.81220769553241,
            29.72130929980098,
            500
          ],
          [
            106.81221666666667,
            29.72130929980098,
            500
          ],
          [
            106.81222563780094,
            29.72130929980098,
            500
          ],
          [
            106.81223460893521,
            29.72130929980098,
            500
          ],
          [
            106.81224358006948,
            29.72130929980098,
            500
          ],
          [
            106.81225255120374,
            29.72130929980098,
            500
          ],
          [
            106.812261522338,
            29.72130929980098,
            500
          ],
          [
            106.81227049347228,
            29.72130929980098,
            500
          ],
          [
            106.81227946460655,
            29.72130929980098,
            500
          ],
          [
            106.81228843574081,
            29.72130929980098,
            500
          ],
          [
            106.81229740687508,
            29.72130929980098,
            500
          ],
          [
            106.81230637800935,
            29.72130929980098,
            500
          ],
          [
            106.81231534914362,
            29.72130929980098,
            500
          ],
          [
            106.81232432027788,
            29.72130929980098,
            500
          ],
          [
            106.81233329141216,
            29.72130929980098,
            500
          ],
          [
            106.81234226254642,
            29.72130929980098,
            500
          ],
          [
            106.81235123368069,
            29.72130929980098,
            500
          ],
          [
            106.81236020481495,
            29.72130929980098,
            500
          ],
          [
            106.81236917594923,
            29.72130929980098,
            500
          ],
          [
            106.81237814708349,
            29.72130929980098,
            500
          ],
          [
            106.81238711821776,
            29.72130929980098,
            500
          ],
          [
            106.81239608935202,
            29.72130929980098,
            500
          ],
          [
            106.8124050604863,
            29.72130929980098,
            500
          ],
          [
            106.81241403162056,
            29.72130929980098,
            500
          ],
          [
            106.81242300275483,
            29.72130929980098,
            500
          ],
          [
            106.81243197388909,
            29.72130929980098,
            500
          ],
          [
            106.81244094502337,
            29.72130929980098,
            500
          ],
          [
            106.81244991615763,
            29.72130929980098,
            500
          ],
          [
            106.8124588872919,
            29.72130929980098,
            500
          ],
          [
            106.81246785842616,
            29.72130929980098,
            500
          ],
          [
            106.81247682956044,
            29.72130929980098,
            500
          ],
          [
            106.8124858006947,
            29.72130929980098,
            500
          ],
          [
            106.81249477182897,
            29.72130929980098,
            500
          ],
          [
            106.81250374296323,
            29.72130929980098,
            500
          ],
          [
            106.81251271409751,
            29.72130929980098,
            500
          ],
          [
            106.81252168523177,
            29.72130929980098,
            500
          ],
          [
            106.81253065636604,
            29.72130929980098,
            500
          ],
          [
            106.8125396275003,
            29.72130929980098,
            500
          ],
          [
            106.81254859863458,
            29.72130929980098,
            500
          ],
          [
            106.81255756976884,
            29.72130929980098,
            500
          ],
          [
            106.8125665409031,
            29.72130929980098,
            500
          ],
          [
            106.81257551203737,
            29.72130929980098,
            500
          ],
          [
            106.81258448317165,
            29.72130929980098,
            500
          ],
          [
            106.81259345430591,
            29.72130929980098,
            500
          ],
          [
            106.81260242544018,
            29.72130929980098,
            500
          ],
          [
            106.81261139657445,
            29.72130929980098,
            500
          ],
          [
            106.81262036770872,
            29.72130929980098,
            500
          ],
          [
            106.81262933884298,
            29.72130929980098,
            500
          ],
          [
            106.81263830997725,
            29.72130929980098,
            500
          ],
          [
            106.81264728111152,
            29.72130929980098,
            500
          ],
          [
            106.81265625224579,
            29.72130929980098,
            500
          ],
          [
            106.81266522338005,
            29.72130929980098,
            500
          ],
          [
            106.81267419451432,
            29.72130929980098,
            500
          ],
          [
            106.8126831656486,
            29.72130929980098,
            500
          ],
          [
            106.81269213678286,
            29.72130929980098,
            500
          ],
          [
            106.81270110791712,
            29.72130929980098,
            500
          ],
          [
            106.81271007905139,
            29.72130929980098,
            500
          ],
          [
            106.81271905018566,
            29.72130929980098,
            500
          ],
          [
            106.81272802131993,
            29.72130929980098,
            500
          ],
          [
            106.81273699245419,
            29.72130929980098,
            500
          ],
          [
            106.81274596358845,
            29.72130929980098,
            500
          ],
          [
            106.81275493472273,
            29.72130929980098,
            500
          ],
          [
            106.812763905857,
            29.72130929980098,
            500
          ],
          [
            106.81277287699126,
            29.72130929980098,
            500
          ],
          [
            106.81278184812552,
            29.72130929980098,
            500
          ],
          [
            106.8127908192598,
            29.72130929980098,
            500
          ],
          [
            106.81279979039407,
            29.72130929980098,
            500
          ],
          [
            106.81280876152833,
            29.72130929980098,
            500
          ],
          [
            106.8128177326626,
            29.72130929980098,
            500
          ],
          [
            106.81282670379687,
            29.72130929980098,
            500
          ],
          [
            106.81283567493114,
            29.72130929980098,
            500
          ],
          [
            106.8128446460654,
            29.72130929980098,
            500
          ],
          [
            106.81285361719968,
            29.72130929980098,
            500
          ],
          [
            106.81286258833394,
            29.72130929980098,
            500
          ],
          [
            106.8128715594682,
            29.72130929980098,
            500
          ],
          [
            106.81288053060247,
            29.72130929980098,
            500
          ],
          [
            106.81288950173675,
            29.72130929980098,
            500
          ],
          [
            106.81289847287101,
            29.72130929980098,
            500
          ],
          [
            106.81290744400528,
            29.72130929980098,
            500
          ],
          [
            106.81291641513954,
            29.72130929980098,
            500
          ],
          [
            106.81292538627382,
            29.72130929980098,
            500
          ],
          [
            106.81293435740808,
            29.72130929980098,
            500
          ],
          [
            106.81294332854235,
            29.72130929980098,
            500
          ],
          [
            106.81295229967661,
            29.72130929980098,
            500
          ],
          [
            106.81296127081089,
            29.72130929980098,
            500
          ],
          [
            106.81297024194515,
            29.72130929980098,
            500
          ],
          [
            106.81297921307942,
            29.72130929980098,
            500
          ],
          [
            106.81298818421368,
            29.72130929980098,
            500
          ],
          [
            106.81299715534796,
            29.72130929980098,
            500
          ],
          [
            106.81300612648222,
            29.72130929980098,
            500
          ],
          [
            106.81301509761649,
            29.72130929980098,
            500
          ],
          [
            106.81302406875075,
            29.72130929980098,
            500
          ],
          [
            106.81303303988503,
            29.72130929980098,
            500
          ],
          [
            106.81304201101929,
            29.72130929980098,
            500
          ],
          [
            106.81305098215356,
            29.72130929980098,
            500
          ],
          [
            106.81305995328782,
            29.72130929980098,
            500
          ],
          [
            106.8130689244221,
            29.72130929980098,
            500
          ],
          [
            106.81307789555636,
            29.72130929980098,
            500
          ],
          [
            106.81308686669063,
            29.72130929980098,
            500
          ],
          [
            106.81309583782489,
            29.72130929980098,
            500
          ],
          [
            106.81310480895917,
            29.72130929980098,
            500
          ],
          [
            106.81311378009343,
            29.72130929980098,
            500
          ],
          [
            106.8131227512277,
            29.72130929980098,
            500
          ],
          [
            106.81313172236197,
            29.72130929980098,
            500
          ],
          [
            106.81314069349624,
            29.72130929980098,
            500
          ],
          [
            106.8131496646305,
            29.72130929980098,
            500
          ],
          [
            106.81315863576476,
            29.72130929980098,
            500
          ],
          [
            106.81316760689904,
            29.72130929980098,
            500
          ],
          [
            106.8131765780333,
            29.72130929980098,
            500
          ],
          [
            106.81318554916757,
            29.72130929980098,
            500
          ],
          [
            106.81319452030183,
            29.72130929980098,
            500
          ],
          [
            106.81320349143611,
            29.72130929980098,
            500
          ],
          [
            106.81321246257038,
            29.72130929980098,
            500
          ],
          [
            106.81322143370464,
            29.72130929980098,
            500
          ],
          [
            106.8132304048389,
            29.72130929980098,
            500
          ],
          [
            106.81323937597318,
            29.72130929980098,
            500
          ],
          [
            106.81324834710745,
            29.72130929980098,
            500
          ],
          [
            106.81325731824171,
            29.72130929980098,
            500
          ],
          [
            106.81326628937597,
            29.72130929980098,
            500
          ],
          [
            106.81327526051025,
            29.72130929980098,
            500
          ],
          [
            106.81328423164452,
            29.72130929980098,
            500
          ],
          [
            106.81329320277878,
            29.72130929980098,
            500
          ],
          [
            106.81330217391304,
            29.72130929980098,
            500
          ],
          [
            106.81331114504732,
            29.72130929980098,
            500
          ],
          [
            106.81332011618159,
            29.72130929980098,
            500
          ],
          [
            106.81332908731585,
            29.72130929980098,
            500
          ],
          [
            106.81333805845011,
            29.72130929980098,
            500
          ],
          [
            106.81334702958439,
            29.72130929980098,
            500
          ],
          [
            106.81335600071866,
            29.72130929980098,
            500
          ],
          [
            106.81336497185292,
            29.72130929980098,
            500
          ],
          [
            106.8133739429872,
            29.72130929980098,
            500
          ],
          [
            106.81338291412146,
            29.72130929980098,
            500
          ],
          [
            106.81339188525573,
            29.72130929980098,
            500
          ],
          [
            106.81340085638999,
            29.72130929980098,
            500
          ],
          [
            106.81340982752427,
            29.72130929980098,
            500
          ],
          [
            106.81341879865853,
            29.72130929980098,
            500
          ],
          [
            106.8134277697928,
            29.72130929980098,
            500
          ],
          [
            106.81343674092706,
            29.72130929980098,
            500
          ],
          [
            106.81344571206134,
            29.72130929980098,
            500
          ],
          [
            106.8134546831956,
            29.72130929980098,
            500
          ],
          [
            106.81346365432987,
            29.72130929980098,
            500
          ],
          [
            106.81347262546413,
            29.72130929980098,
            500
          ],
          [
            106.81348159659841,
            29.72130929980098,
            500
          ],
          [
            106.81349056773267,
            29.72130929980098,
            500
          ],
          [
            106.81349953886694,
            29.72130929980098,
            500
          ],
          [
            106.8135085100012,
            29.72130929980098,
            500
          ],
          [
            106.81351748113548,
            29.72130929980098,
            500
          ],
          [
            106.81352645226974,
            29.72130929980098,
            500
          ],
          [
            106.813535423404,
            29.72130929980098,
            500
          ],
          [
            106.81354439453827,
            29.72130929980098,
            500
          ],
          [
            106.81355336567255,
            29.72130929980098,
            500
          ],
          [
            106.81356233680681,
            29.72130929980098,
            500
          ],
          [
            106.81357130794107,
            29.72130929980098,
            500
          ],
          [
            106.81358027907534,
            29.72130929980098,
            500
          ],
          [
            106.81358925020962,
            29.72130929980098,
            500
          ],
          [
            106.81359822134388,
            29.72130929980098,
            500
          ],
          [
            106.81360719247814,
            29.72130929980098,
            500
          ],
          [
            106.81361616361241,
            29.72130929980098,
            500
          ],
          [
            106.81362513474669,
            29.72130929980098,
            500
          ],
          [
            106.81363410588095,
            29.72130929980098,
            500
          ],
          [
            106.81364307701521,
            29.72130929980098,
            500
          ],
          [
            106.81365204814949,
            29.72130929980098,
            500
          ],
          [
            106.81366101928376,
            29.72130929980098,
            500
          ],
          [
            106.81366999041802,
            29.72130929980098,
            500
          ],
          [
            106.81367896155228,
            29.72130929980098,
            500
          ],
          [
            106.81368793268656,
            29.72130929980098,
            500
          ],
          [
            106.81369690382083,
            29.72130929980098,
            500
          ],
          [
            106.81370587495509,
            29.72130929980098,
            500
          ],
          [
            106.81371484608935,
            29.72130929980098,
            500
          ],
          [
            106.81372381722363,
            29.72130929980098,
            500
          ],
          [
            106.8137327883579,
            29.72130929980098,
            500
          ],
          [
            106.81374175949216,
            29.72130929980098,
            500
          ],
          [
            106.81375073062642,
            29.72130929980098,
            500
          ],
          [
            106.8137597017607,
            29.72130929980098,
            500
          ],
          [
            106.81376867289497,
            29.72130929980098,
            500
          ],
          [
            106.81377764402923,
            29.72130929980098,
            500
          ],
          [
            106.8137866151635,
            29.72130929980098,
            500
          ],
          [
            106.81379558629777,
            29.72130929980098,
            500
          ],
          [
            106.81380455743204,
            29.72130929980098,
            500
          ],
          [
            106.8138135285663,
            29.72130929980098,
            500
          ],
          [
            106.81382249970056,
            29.72130929980098,
            500
          ],
          [
            106.81383147083484,
            29.72130929980098,
            500
          ],
          [
            106.8138404419691,
            29.72130929980098,
            500
          ],
          [
            106.81384941310337,
            29.72130929980098,
            500
          ],
          [
            106.81385838423763,
            29.72130929980098,
            500
          ],
          [
            106.81386735537191,
            29.72130929980098,
            500
          ],
          [
            106.81387632650618,
            29.72130929980098,
            500
          ],
          [
            106.81388529764044,
            29.72130929980098,
            500
          ],
          [
            106.81389426877472,
            29.72130929980098,
            500
          ],
          [
            106.81390323990898,
            29.72130929980098,
            500
          ],
          [
            106.81391221104325,
            29.72130929980098,
            500
          ],
          [
            106.81392118217751,
            29.72130929980098,
            500
          ],
          [
            106.81393015331179,
            29.72130929980098,
            500
          ],
          [
            106.81393912444605,
            29.72130929980098,
            500
          ],
          [
            106.81394809558032,
            29.72130929980098,
            500
          ],
          [
            106.81395706671458,
            29.72130929980098,
            500
          ],
          [
            106.81396603784886,
            29.72130929980098,
            500
          ],
          [
            106.81397500898312,
            29.72130929980098,
            500
          ],
          [
            106.81398398011738,
            29.72130929980098,
            500
          ],
          [
            106.81399295125165,
            29.72130929980098,
            500
          ],
          [
            106.81400192238593,
            29.72130929980098,
            500
          ],
          [
            106.81401089352019,
            29.72130929980098,
            500
          ],
          [
            106.81401986465445,
            29.72130929980098,
            500
          ],
          [
            106.81402883578872,
            29.72130929980098,
            500
          ],
          [
            106.814037806923,
            29.72130929980098,
            500
          ],
          [
            106.81404677805726,
            29.72130929980098,
            500
          ],
          [
            106.81405574919152,
            29.72130929980098,
            500
          ],
          [
            106.81406472032579,
            29.72130929980098,
            500
          ],
          [
            106.81407369146007,
            29.72130929980098,
            500
          ],
          [
            106.81408266259433,
            29.72130929980098,
            500
          ],
          [
            106.8140916337286,
            29.72130929980098,
            500
          ],
          [
            106.81410060486286,
            29.72130929980098,
            500
          ],
          [
            106.81410957599714,
            29.72130929980098,
            500
          ],
          [
            106.8141185471314,
            29.72130929980098,
            500
          ],
          [
            106.81412751826566,
            29.72130929980098,
            500
          ],
          [
            106.81413648939993,
            29.72130929980098,
            500
          ],
          [
            106.8141454605342,
            29.72130929980098,
            500
          ],
          [
            106.81415443166847,
            29.72130929980098,
            500
          ],
          [
            106.81416340280273,
            29.72130929980098,
            500
          ],
          [
            106.81417237393701,
            29.72130929980098,
            500
          ],
          [
            106.81418134507128,
            29.72130929980098,
            500
          ],
          [
            106.81419031620554,
            29.72130929980098,
            500
          ],
          [
            106.8141992873398,
            29.72130929980098,
            500
          ],
          [
            106.81420825847408,
            29.72130929980098,
            500
          ],
          [
            106.81421722960835,
            29.72130929980098,
            500
          ],
          [
            106.81422620074261,
            29.72130929980098,
            500
          ],
          [
            106.81423517187687,
            29.72130929980098,
            500
          ],
          [
            106.81424414301115,
            29.72130929980098,
            500
          ],
          [
            106.81425311414542,
            29.72130929980098,
            500
          ],
          [
            106.81426208527968,
            29.72130929980098,
            500
          ],
          [
            106.81427105641394,
            29.72130929980098,
            500
          ],
          [
            106.81428002754822,
            29.72130929980098,
            500
          ],
          [
            106.81428899868249,
            29.72130929980098,
            500
          ],
          [
            106.81429796981675,
            29.72130929980098,
            500
          ],
          [
            106.81430694095101,
            29.72130929980098,
            500
          ],
          [
            106.81431591208529,
            29.72130929980098,
            500
          ],
          [
            106.81432488321956,
            29.72130929980098,
            500
          ],
          [
            106.81433385435382,
            29.72130929980098,
            500
          ],
          [
            106.81434282548808,
            29.72130929980098,
            500
          ],
          [
            106.81435179662236,
            29.72130929980098,
            500
          ],
          [
            106.81436076775663,
            29.72130929980098,
            500
          ],
          [
            106.81436973889089,
            29.72130929980098,
            500
          ],
          [
            106.81437871002515,
            29.72130929980098,
            500
          ],
          [
            106.81438768115943,
            29.72130929980098,
            500
          ],
          [
            106.8143966522937,
            29.72130929980098,
            500
          ],
          [
            106.81440562342796,
            29.72130929980098,
            500
          ],
          [
            106.81441459456224,
            29.72130929980098,
            500
          ],
          [
            106.8144235656965,
            29.72130929980098,
            500
          ],
          [
            106.81443253683076,
            29.72130929980098,
            500
          ],
          [
            106.81444150796503,
            29.72130929980098,
            500
          ],
          [
            106.8144504790993,
            29.72130929980098,
            500
          ],
          [
            106.81445945023357,
            29.72130929980098,
            500
          ],
          [
            106.81446842136783,
            29.72130929980098,
            500
          ],
          [
            106.8144773925021,
            29.72130929980098,
            500
          ],
          [
            106.81448636363638,
            29.72130929980098,
            500
          ],
          [
            106.81449533477064,
            29.72130929980098,
            500
          ],
          [
            106.8145043059049,
            29.72130929980098,
            500
          ],
          [
            106.81451327703917,
            29.72130929980098,
            500
          ],
          [
            106.81452224817345,
            29.72130929980098,
            500
          ],
          [
            106.81453121930771,
            29.72130929980098,
            500
          ],
          [
            106.81454019044197,
            29.72130929980098,
            500
          ],
          [
            106.81454916157624,
            29.72130929980098,
            500
          ],
          [
            106.81455813271052,
            29.72130929980098,
            500
          ],
          [
            106.81456710384478,
            29.72130929980098,
            500
          ],
          [
            106.81457607497904,
            29.72130929980098,
            500
          ],
          [
            106.81458504611331,
            29.72130929980098,
            500
          ],
          [
            106.81459401724759,
            29.72130929980098,
            500
          ],
          [
            106.81460298838185,
            29.72130929980098,
            500
          ],
          [
            106.81461195951611,
            29.72130929980098,
            500
          ],
          [
            106.81462093065038,
            29.72130929980098,
            500
          ]
        ]
      },
      "properties": {
        "roadKey": "road_3987fa8546e20566afdd7e51569d7a2286b155f8c0994a3a84781435f588665f",
        "sourceRoadId": "8",
        "sourceRoadName": "Road 8",
        "sourceRoadGuid": null,
        "sourceFeatureReferenceKey": "wrf_535dbd9666a2e5fcd8b7e4d6fd4ddfe6",
        "sourceFeatureVersion": "od-30d7d061ac5d1f9d",
        "physicalRoadGroupKey": "prg_2cf59a83f09b30450a438bca9ad31b42c7fc40fff4c75b97fcf151dfcf2fa3cf",
        "roadClass": "XODR_TOWN",
        "widthM": 10,
        "widthSource": "XODR_DERIVED_UNVERIFIED",
        "surfaceMaterial": "UNKNOWN",
        "surfaceSource": "MISSING_IN_XODR",
        "oneWay": false,
        "serviceEligible": true,
        "speedMps": 17.8816,
        "speedSource": "XODR_UNIFORM_SOURCE",
        "sourceFormat": "XODR",
        "sourceArtifactHash": "sha256:f9119c2fa0c73093c2c2d15d262ede56fbcefd3de091f652523559aca13d3481",
        "conditionClass": "UNKNOWN"
      }
    },
    {
      "type": "Feature",
      "id": "road_55de5fe026d55f087b9bc071cd07eb4f912726d5292b0867c27617b17e6c9ccf",
      "geometry": {
        "type": "LineString",
        "coordinates": [
          [
            106.81170591088754,
            29.718595350099513,
            500
          ],
          [
            106.81171468241111,
            29.718595350099513,
            500
          ],
          [
            106.81172345393469,
            29.718595350099513,
            500
          ],
          [
            106.81173222545826,
            29.718595350099513,
            500
          ],
          [
            106.81174099698184,
            29.718595350099513,
            500
          ],
          [
            106.81174976850541,
            29.718595350099513,
            500
          ],
          [
            106.81175854002899,
            29.718595350099513,
            500
          ],
          [
            106.81176731155256,
            29.718595350099513,
            500
          ],
          [
            106.81177608307614,
            29.718595350099513,
            500
          ],
          [
            106.81178485459971,
            29.718595350099513,
            500
          ],
          [
            106.81179362612329,
            29.718595350099513,
            500
          ],
          [
            106.81180239764686,
            29.718595350099513,
            500
          ],
          [
            106.81181116917044,
            29.718595350099513,
            500
          ],
          [
            106.81181994069401,
            29.718595350099513,
            500
          ],
          [
            106.81182871221759,
            29.718595350099513,
            500
          ],
          [
            106.81183748374116,
            29.718595350099513,
            500
          ],
          [
            106.81184625526474,
            29.718595350099513,
            500
          ],
          [
            106.81185502678831,
            29.718595350099513,
            500
          ],
          [
            106.81186379831189,
            29.718595350099513,
            500
          ],
          [
            106.81187256983546,
            29.718595350099513,
            500
          ],
          [
            106.81188134135904,
            29.718595350099513,
            500
          ],
          [
            106.81189011288261,
            29.718595350099513,
            500
          ],
          [
            106.81189888440619,
            29.718595350099513,
            500
          ],
          [
            106.81190765592976,
            29.718595350099513,
            500
          ],
          [
            106.81191642745334,
            29.718595350099513,
            500
          ]
        ]
      },
      "properties": {
        "roadKey": "road_55de5fe026d55f087b9bc071cd07eb4f912726d5292b0867c27617b17e6c9ccf",
        "sourceRoadId": "10",
        "sourceRoadName": "Road 10",
        "sourceRoadGuid": null,
        "sourceFeatureReferenceKey": "wrf_383ec1dd1e154964639c0583e5ad653f",
        "sourceFeatureVersion": "od-e526072a8bbbcaf5",
        "physicalRoadGroupKey": "prg_421c6ae6902c3e71f2b6ff3446082017b9ab6c6e9d363adda9bd21cd9302610a",
        "roadClass": "XODR_TOWN",
        "widthM": 40,
        "widthSource": "XODR_DERIVED_UNVERIFIED",
        "surfaceMaterial": "UNKNOWN",
        "surfaceSource": "MISSING_IN_XODR",
        "oneWay": false,
        "serviceEligible": true,
        "speedMps": 17.8816,
        "speedSource": "XODR_UNIFORM_SOURCE",
        "sourceFormat": "XODR",
        "sourceArtifactHash": "sha256:f9119c2fa0c73093c2c2d15d262ede56fbcefd3de091f652523559aca13d3481",
        "conditionClass": "UNKNOWN"
      }
    },
    {
      "type": "Feature",
      "id": "road_57cdf46fa5cfb1125bb72e4627696ec051857c2184a902b42e3f7212a3a5d2a7",
      "geometry": {
        "type": "LineString",
        "coordinates": [
          [
            106.81507906934964,
            29.72130929980098,
            500
          ],
          [
            106.8150880404839,
            29.72130929980098,
            500
          ],
          [
            106.81509701161816,
            29.72130929980098,
            500
          ],
          [
            106.81510598275243,
            29.72130929980098,
            500
          ],
          [
            106.8151149538867,
            29.72130929980098,
            500
          ],
          [
            106.81512392502097,
            29.72130929980098,
            500
          ],
          [
            106.81513289615523,
            29.72130929980098,
            500
          ],
          [
            106.8151418672895,
            29.72130929980098,
            500
          ],
          [
            106.81515083842378,
            29.72130929980098,
            500
          ],
          [
            106.81515980955804,
            29.72130929980098,
            500
          ],
          [
            106.8151687806923,
            29.72130929980098,
            500
          ],
          [
            106.81517775182657,
            29.72130929980098,
            500
          ],
          [
            106.81518672296085,
            29.72130929980098,
            500
          ],
          [
            106.81519569409511,
            29.72130929980098,
            500
          ],
          [
            106.81520466522937,
            29.72130929980098,
            500
          ],
          [
            106.81521363636364,
            29.72130929980098,
            500
          ],
          [
            106.81522260749792,
            29.72130929980098,
            500
          ],
          [
            106.81523157863218,
            29.72130929980098,
            500
          ],
          [
            106.81524054976644,
            29.72130929980098,
            500
          ],
          [
            106.81524952090071,
            29.72130929980098,
            500
          ],
          [
            106.81525849203499,
            29.72130929980098,
            500
          ],
          [
            106.81526746316925,
            29.72130929980098,
            500
          ],
          [
            106.81527643430351,
            29.72130929980098,
            500
          ],
          [
            106.81528540543778,
            29.72130929980098,
            500
          ],
          [
            106.81529437657206,
            29.72130929980098,
            500
          ],
          [
            106.81530334770632,
            29.72130929980098,
            500
          ],
          [
            106.81531231884058,
            29.72130929980098,
            500
          ],
          [
            106.81532128997486,
            29.72130929980098,
            500
          ],
          [
            106.81533026110912,
            29.72130929980098,
            500
          ],
          [
            106.81533923224339,
            29.72130929980098,
            500
          ],
          [
            106.81534820337765,
            29.72130929980098,
            500
          ],
          [
            106.81535717451193,
            29.72130929980098,
            500
          ],
          [
            106.8153661456462,
            29.72130929980098,
            500
          ],
          [
            106.81537511678046,
            29.72130929980098,
            500
          ],
          [
            106.81538408791472,
            29.72130929980098,
            500
          ],
          [
            106.815393059049,
            29.72130929980098,
            500
          ],
          [
            106.81540203018326,
            29.72130929980098,
            500
          ],
          [
            106.81541100131753,
            29.72130929980098,
            500
          ],
          [
            106.81541997245179,
            29.72130929980098,
            500
          ],
          [
            106.81542894358607,
            29.72130929980098,
            500
          ],
          [
            106.81543791472033,
            29.72130929980098,
            500
          ],
          [
            106.8154468858546,
            29.72130929980098,
            500
          ],
          [
            106.81545585698886,
            29.72130929980098,
            500
          ],
          [
            106.81546482812314,
            29.72130929980098,
            500
          ],
          [
            106.8154737992574,
            29.72130929980098,
            500
          ],
          [
            106.81548277039167,
            29.72130929980098,
            500
          ],
          [
            106.81549174152593,
            29.72130929980098,
            500
          ],
          [
            106.81550071266021,
            29.72130929980098,
            500
          ],
          [
            106.81550968379447,
            29.72130929980098,
            500
          ],
          [
            106.81551865492874,
            29.72130929980098,
            500
          ],
          [
            106.815527626063,
            29.72130929980098,
            500
          ],
          [
            106.81553659719728,
            29.72130929980098,
            500
          ],
          [
            106.81554556833154,
            29.72130929980098,
            500
          ],
          [
            106.81555453946581,
            29.72130929980098,
            500
          ],
          [
            106.81556351060009,
            29.72130929980098,
            500
          ],
          [
            106.81557248173435,
            29.72130929980098,
            500
          ],
          [
            106.81558145286861,
            29.72130929980098,
            500
          ],
          [
            106.81559042400288,
            29.72130929980098,
            500
          ],
          [
            106.81559939513716,
            29.72130929980098,
            500
          ],
          [
            106.81560836627142,
            29.72130929980098,
            500
          ],
          [
            106.81561733740568,
            29.72130929980098,
            500
          ],
          [
            106.81562630853995,
            29.72130929980098,
            500
          ],
          [
            106.81563527967423,
            29.72130929980098,
            500
          ],
          [
            106.81564425080849,
            29.72130929980098,
            500
          ],
          [
            106.81565322194275,
            29.72130929980098,
            500
          ],
          [
            106.81566219307702,
            29.72130929980098,
            500
          ],
          [
            106.8156711642113,
            29.72130929980098,
            500
          ],
          [
            106.81568013534556,
            29.72130929980098,
            500
          ],
          [
            106.81568910647982,
            29.72130929980098,
            500
          ],
          [
            106.81569807761409,
            29.72130929980098,
            500
          ],
          [
            106.81570704874837,
            29.72130929980098,
            500
          ],
          [
            106.81571601988263,
            29.72130929980098,
            500
          ],
          [
            106.81572499101689,
            29.72130929980098,
            500
          ],
          [
            106.81573396215116,
            29.72130929980098,
            500
          ],
          [
            106.81574293328543,
            29.72130929980098,
            500
          ],
          [
            106.8157519044197,
            29.72130929980098,
            500
          ],
          [
            106.81576087555396,
            29.72130929980098,
            500
          ],
          [
            106.81576984668823,
            29.72130929980098,
            500
          ],
          [
            106.8157788178225,
            29.72130929980098,
            500
          ],
          [
            106.81578778895677,
            29.72130929980098,
            500
          ],
          [
            106.81579676009103,
            29.72130929980098,
            500
          ],
          [
            106.8158057312253,
            29.72130929980098,
            500
          ],
          [
            106.81581470235957,
            29.72130929980098,
            500
          ],
          [
            106.81582367349384,
            29.72130929980098,
            500
          ],
          [
            106.8158326446281,
            29.72130929980098,
            500
          ],
          [
            106.81584161576238,
            29.72130929980098,
            500
          ],
          [
            106.81585058689664,
            29.72130929980098,
            500
          ],
          [
            106.81585955803091,
            29.72130929980098,
            500
          ],
          [
            106.81586852916517,
            29.72130929980098,
            500
          ],
          [
            106.81587750029945,
            29.72130929980098,
            500
          ],
          [
            106.81588647143371,
            29.72130929980098,
            500
          ],
          [
            106.81589544256798,
            29.72130929980098,
            500
          ],
          [
            106.81590441370224,
            29.72130929980098,
            500
          ],
          [
            106.81591338483652,
            29.72130929980098,
            500
          ],
          [
            106.81592235597078,
            29.72130929980098,
            500
          ],
          [
            106.81593132710505,
            29.72130929980098,
            500
          ],
          [
            106.81594029823931,
            29.72130929980098,
            500
          ],
          [
            106.81594926937359,
            29.72130929980098,
            500
          ],
          [
            106.81595824050785,
            29.72130929980098,
            500
          ],
          [
            106.81596721164212,
            29.72130929980098,
            500
          ],
          [
            106.81597618277638,
            29.72130929980098,
            500
          ],
          [
            106.81598515391066,
            29.72130929980098,
            500
          ],
          [
            106.81599412504492,
            29.72130929980098,
            500
          ],
          [
            106.81600309617919,
            29.72130929980098,
            500
          ],
          [
            106.81601206731345,
            29.72130929980098,
            500
          ],
          [
            106.81602103844773,
            29.72130929980098,
            500
          ],
          [
            106.816030009582,
            29.72130929980098,
            500
          ],
          [
            106.81603898071626,
            29.72130929980098,
            500
          ],
          [
            106.81604795185052,
            29.72130929980098,
            500
          ],
          [
            106.8160569229848,
            29.72130929980098,
            500
          ],
          [
            106.81606589411906,
            29.72130929980098,
            500
          ],
          [
            106.81607486525333,
            29.72130929980098,
            500
          ],
          [
            106.8160838363876,
            29.72130929980098,
            500
          ],
          [
            106.81609280752187,
            29.72130929980098,
            500
          ],
          [
            106.81610177865613,
            29.72130929980098,
            500
          ],
          [
            106.8161107497904,
            29.72130929980098,
            500
          ],
          [
            106.81611972092468,
            29.72130929980098,
            500
          ],
          [
            106.81612869205894,
            29.72130929980098,
            500
          ],
          [
            106.8161376631932,
            29.72130929980098,
            500
          ],
          [
            106.81614663432747,
            29.72130929980098,
            500
          ],
          [
            106.81615560546174,
            29.72130929980098,
            500
          ],
          [
            106.81616457659601,
            29.72130929980098,
            500
          ],
          [
            106.81617354773027,
            29.72130929980098,
            500
          ],
          [
            106.81618251886454,
            29.72130929980098,
            500
          ],
          [
            106.81619148999881,
            29.72130929980098,
            500
          ],
          [
            106.81620046113308,
            29.72130929980098,
            500
          ],
          [
            106.81620943226734,
            29.72130929980098,
            500
          ],
          [
            106.8162184034016,
            29.72130929980098,
            500
          ],
          [
            106.81622737453588,
            29.72130929980098,
            500
          ],
          [
            106.81623634567015,
            29.72130929980098,
            500
          ],
          [
            106.81624531680441,
            29.72130929980098,
            500
          ],
          [
            106.81625428793868,
            29.72130929980098,
            500
          ],
          [
            106.81626325907295,
            29.72130929980098,
            500
          ],
          [
            106.81627223020722,
            29.72130929980098,
            500
          ],
          [
            106.81628120134148,
            29.72130929980098,
            500
          ],
          [
            106.81629017247575,
            29.72130929980098,
            500
          ],
          [
            106.81629914361002,
            29.72130929980098,
            500
          ],
          [
            106.81630811474429,
            29.72130929980098,
            500
          ],
          [
            106.81631708587855,
            29.72130929980098,
            500
          ],
          [
            106.81632605701282,
            29.72130929980098,
            500
          ],
          [
            106.8163350281471,
            29.72130929980098,
            500
          ],
          [
            106.81634399928136,
            29.72130929980098,
            500
          ],
          [
            106.81635297041562,
            29.72130929980098,
            500
          ],
          [
            106.8163619415499,
            29.72130929980098,
            500
          ],
          [
            106.81637091268416,
            29.72130929980098,
            500
          ],
          [
            106.81637988381843,
            29.72130929980098,
            500
          ],
          [
            106.81638885495269,
            29.72130929980098,
            500
          ],
          [
            106.81639782608697,
            29.72130929980098,
            500
          ],
          [
            106.81640679722123,
            29.72130929980098,
            500
          ],
          [
            106.8164157683555,
            29.72130929980098,
            500
          ],
          [
            106.81642473948976,
            29.72130929980098,
            500
          ],
          [
            106.81643371062404,
            29.72130929980098,
            500
          ],
          [
            106.8164426817583,
            29.72130929980098,
            500
          ],
          [
            106.81645165289257,
            29.72130929980098,
            500
          ],
          [
            106.81646062402683,
            29.72130929980098,
            500
          ],
          [
            106.81646959516111,
            29.72130929980098,
            500
          ],
          [
            106.81647856629537,
            29.72130929980098,
            500
          ],
          [
            106.81648753742964,
            29.72130929980098,
            500
          ],
          [
            106.8164965085639,
            29.72130929980098,
            500
          ],
          [
            106.81650547969818,
            29.72130929980098,
            500
          ],
          [
            106.81651445083244,
            29.72130929980098,
            500
          ],
          [
            106.8165234219667,
            29.72130929980098,
            500
          ],
          [
            106.81653239310097,
            29.72130929980098,
            500
          ],
          [
            106.81654136423525,
            29.72130929980098,
            500
          ],
          [
            106.81655033536951,
            29.72130929980098,
            500
          ],
          [
            106.81655930650378,
            29.72130929980098,
            500
          ],
          [
            106.81656827763804,
            29.72130929980098,
            500
          ],
          [
            106.81657724877232,
            29.72130929980098,
            500
          ],
          [
            106.81658621990658,
            29.72130929980098,
            500
          ],
          [
            106.81659519104085,
            29.72130929980098,
            500
          ],
          [
            106.81660416217512,
            29.72130929980098,
            500
          ],
          [
            106.81661313330939,
            29.72130929980098,
            500
          ],
          [
            106.81662210444365,
            29.72130929980098,
            500
          ],
          [
            106.81663107557792,
            29.72130929980098,
            500
          ],
          [
            106.8166400467122,
            29.72130929980098,
            500
          ],
          [
            106.81664901784646,
            29.72130929980098,
            500
          ],
          [
            106.81665798898072,
            29.72130929980098,
            500
          ],
          [
            106.81666696011499,
            29.72130929980098,
            500
          ],
          [
            106.81667593124926,
            29.72130929980098,
            500
          ],
          [
            106.81668490238353,
            29.72130929980098,
            500
          ],
          [
            106.81669387351779,
            29.72130929980098,
            500
          ],
          [
            106.81670284465206,
            29.72130929980098,
            500
          ],
          [
            106.81671181578633,
            29.72130929980098,
            500
          ],
          [
            106.8167207869206,
            29.72130929980098,
            500
          ],
          [
            106.81672975805486,
            29.72130929980098,
            500
          ],
          [
            106.81673872918913,
            29.72130929980098,
            500
          ],
          [
            106.8167477003234,
            29.72130929980098,
            500
          ],
          [
            106.81675667145767,
            29.72130929980098,
            500
          ],
          [
            106.81676564259193,
            29.72130929980098,
            500
          ],
          [
            106.8167746137262,
            29.72130929980098,
            500
          ],
          [
            106.81678358486047,
            29.72130929980098,
            500
          ],
          [
            106.81679255599474,
            29.72130929980098,
            500
          ],
          [
            106.816801527129,
            29.72130929980098,
            500
          ],
          [
            106.81681049826327,
            29.72130929980098,
            500
          ],
          [
            106.81681946939754,
            29.72130929980098,
            500
          ],
          [
            106.81682844053181,
            29.72130929980098,
            500
          ],
          [
            106.81683741166607,
            29.72130929980098,
            500
          ],
          [
            106.81684638280034,
            29.72130929980098,
            500
          ],
          [
            106.81685535393461,
            29.72130929980098,
            500
          ],
          [
            106.81686432506888,
            29.72130929980098,
            500
          ],
          [
            106.81687329620314,
            29.72130929980098,
            500
          ],
          [
            106.81688226733742,
            29.72130929980098,
            500
          ],
          [
            106.81689123847168,
            29.72130929980098,
            500
          ],
          [
            106.81690020960595,
            29.72130929980098,
            500
          ],
          [
            106.81690918074021,
            29.72130929980098,
            500
          ],
          [
            106.81691815187449,
            29.72130929980098,
            500
          ],
          [
            106.81692712300875,
            29.72130929980098,
            500
          ],
          [
            106.81693609414302,
            29.72130929980098,
            500
          ],
          [
            106.81694506527728,
            29.72130929980098,
            500
          ],
          [
            106.81695403641156,
            29.72130929980098,
            500
          ],
          [
            106.81696300754582,
            29.72130929980098,
            500
          ],
          [
            106.81697197868009,
            29.72130929980098,
            500
          ],
          [
            106.81698094981435,
            29.72130929980098,
            500
          ],
          [
            106.81698992094863,
            29.72130929980098,
            500
          ],
          [
            106.81699889208289,
            29.72130929980098,
            500
          ],
          [
            106.81700786321716,
            29.72130929980098,
            500
          ],
          [
            106.81701683435142,
            29.72130929980098,
            500
          ],
          [
            106.8170258054857,
            29.72130929980098,
            500
          ],
          [
            106.81703477661996,
            29.72130929980098,
            500
          ],
          [
            106.81704374775423,
            29.72130929980098,
            500
          ],
          [
            106.81705271888849,
            29.72130929980098,
            500
          ],
          [
            106.81706169002277,
            29.72130929980098,
            500
          ],
          [
            106.81707066115703,
            29.72130929980098,
            500
          ],
          [
            106.8170796322913,
            29.72130929980098,
            500
          ],
          [
            106.81708860342556,
            29.72130929980098,
            500
          ],
          [
            106.81709757455984,
            29.72130929980098,
            500
          ],
          [
            106.8171065456941,
            29.72130929980098,
            500
          ],
          [
            106.81711551682837,
            29.72130929980098,
            500
          ],
          [
            106.81712448796264,
            29.72130929980098,
            500
          ],
          [
            106.81713345909691,
            29.72130929980098,
            500
          ],
          [
            106.81714243023117,
            29.72130929980098,
            500
          ],
          [
            106.81715140136544,
            29.72130929980098,
            500
          ],
          [
            106.81716037249971,
            29.72130929980098,
            500
          ],
          [
            106.81716934363398,
            29.72130929980098,
            500
          ],
          [
            106.81717831476824,
            29.72130929980098,
            500
          ],
          [
            106.8171872859025,
            29.72130929980098,
            500
          ],
          [
            106.81719625703678,
            29.72130929980098,
            500
          ],
          [
            106.81720522817105,
            29.72130929980098,
            500
          ],
          [
            106.81721419930531,
            29.72130929980098,
            500
          ],
          [
            106.81722317043958,
            29.72130929980098,
            500
          ],
          [
            106.81723214157385,
            29.72130929980098,
            500
          ],
          [
            106.81724111270812,
            29.72130929980098,
            500
          ],
          [
            106.81725008384238,
            29.72130929980098,
            500
          ],
          [
            106.81725905497665,
            29.72130929980098,
            500
          ],
          [
            106.81726802611092,
            29.72130929980098,
            500
          ],
          [
            106.81727699724519,
            29.72130929980098,
            500
          ],
          [
            106.81728596837945,
            29.72130929980098,
            500
          ],
          [
            106.81729493951372,
            29.72130929980098,
            500
          ],
          [
            106.817303910648,
            29.72130929980098,
            500
          ],
          [
            106.81731288178226,
            29.72130929980098,
            500
          ],
          [
            106.81732185291652,
            29.72130929980098,
            500
          ],
          [
            106.81733082405079,
            29.72130929980098,
            500
          ],
          [
            106.81733979518506,
            29.72130929980098,
            500
          ],
          [
            106.81734876631933,
            29.72130929980098,
            500
          ],
          [
            106.81735773745359,
            29.72130929980098,
            500
          ],
          [
            106.81736670858785,
            29.72130929980098,
            500
          ],
          [
            106.81737567972213,
            29.72130929980098,
            500
          ],
          [
            106.8173846508564,
            29.72130929980098,
            500
          ],
          [
            106.81739362199066,
            29.72130929980098,
            500
          ],
          [
            106.81740259312494,
            29.72130929980098,
            500
          ],
          [
            106.8174115642592,
            29.72130929980098,
            500
          ],
          [
            106.81742053539347,
            29.72130929980098,
            500
          ],
          [
            106.81742950652773,
            29.72130929980098,
            500
          ],
          [
            106.81743847766201,
            29.72130929980098,
            500
          ],
          [
            106.81744744879627,
            29.72130929980098,
            500
          ],
          [
            106.81745641993054,
            29.72130929980098,
            500
          ],
          [
            106.8174653910648,
            29.72130929980098,
            500
          ],
          [
            106.81747436219908,
            29.72130929980098,
            500
          ],
          [
            106.81748333333334,
            29.72130929980098,
            500
          ],
          [
            106.8174923044676,
            29.72130929980098,
            500
          ],
          [
            106.81750127560187,
            29.72130929980098,
            500
          ],
          [
            106.81751024673615,
            29.72130929980098,
            500
          ],
          [
            106.81751921787041,
            29.72130929980098,
            500
          ],
          [
            106.81752818900468,
            29.72130929980098,
            500
          ],
          [
            106.81753716013894,
            29.72130929980098,
            500
          ],
          [
            106.81754613127322,
            29.72130929980098,
            500
          ],
          [
            106.81755510240748,
            29.72130929980098,
            500
          ],
          [
            106.81756407354175,
            29.72130929980098,
            500
          ],
          [
            106.81757304467601,
            29.72130929980098,
            500
          ],
          [
            106.81758201581029,
            29.72130929980098,
            500
          ],
          [
            106.81759098694455,
            29.72130929980098,
            500
          ],
          [
            106.81759995807882,
            29.72130929980098,
            500
          ],
          [
            106.81760892921308,
            29.72130929980098,
            500
          ],
          [
            106.81761790034736,
            29.72130929980098,
            500
          ],
          [
            106.81762687148162,
            29.72130929980098,
            500
          ],
          [
            106.81763584261589,
            29.72130929980098,
            500
          ],
          [
            106.81764481375016,
            29.72130929980098,
            500
          ],
          [
            106.81765378488443,
            29.72130929980098,
            500
          ],
          [
            106.81766275601869,
            29.72130929980098,
            500
          ],
          [
            106.81767172715296,
            29.72130929980098,
            500
          ],
          [
            106.81768069828723,
            29.72130929980098,
            500
          ],
          [
            106.8176896694215,
            29.72130929980098,
            500
          ],
          [
            106.81769864055576,
            29.72130929980098,
            500
          ],
          [
            106.81770761169003,
            29.72130929980098,
            500
          ],
          [
            106.8177165828243,
            29.72130929980098,
            500
          ],
          [
            106.81772555395857,
            29.72130929980098,
            500
          ],
          [
            106.81773452509283,
            29.72130929980098,
            500
          ],
          [
            106.8177434962271,
            29.72130929980098,
            500
          ],
          [
            106.81775246736137,
            29.72130929980098,
            500
          ],
          [
            106.81776143849564,
            29.72130929980098,
            500
          ],
          [
            106.8177704096299,
            29.72130929980098,
            500
          ],
          [
            106.81777938076416,
            29.72130929980098,
            500
          ],
          [
            106.81778835189844,
            29.72130929980098,
            500
          ],
          [
            106.8177973230327,
            29.72130929980098,
            500
          ],
          [
            106.81780629416697,
            29.72130929980098,
            500
          ],
          [
            106.81781526530123,
            29.72130929980098,
            500
          ],
          [
            106.81782423643551,
            29.72130929980098,
            500
          ],
          [
            106.81783320756978,
            29.72130929980098,
            500
          ],
          [
            106.81784217870404,
            29.72130929980098,
            500
          ],
          [
            106.8178511498383,
            29.72130929980098,
            500
          ],
          [
            106.81786012097258,
            29.72130929980098,
            500
          ],
          [
            106.81786909210685,
            29.72130929980098,
            500
          ],
          [
            106.81787806324111,
            29.72130929980098,
            500
          ],
          [
            106.81788703437537,
            29.72130929980098,
            500
          ],
          [
            106.81789600550965,
            29.72130929980098,
            500
          ],
          [
            106.81790497664392,
            29.72130929980098,
            500
          ],
          [
            106.81791394777818,
            29.72130929980098,
            500
          ],
          [
            106.81792291891246,
            29.72130929980098,
            500
          ],
          [
            106.81793189004672,
            29.72130929980098,
            500
          ],
          [
            106.81794086118099,
            29.72130929980098,
            500
          ],
          [
            106.81794983231525,
            29.72130929980098,
            500
          ],
          [
            106.81795880344953,
            29.72130929980098,
            500
          ],
          [
            106.81796777458379,
            29.72130929980098,
            500
          ],
          [
            106.81797674571806,
            29.72130929980098,
            500
          ],
          [
            106.81798571685232,
            29.72130929980098,
            500
          ],
          [
            106.8179946879866,
            29.72130929980098,
            500
          ],
          [
            106.81800365912086,
            29.72130929980098,
            500
          ],
          [
            106.81801263025513,
            29.72130929980098,
            500
          ],
          [
            106.81802160138939,
            29.72130929980098,
            500
          ],
          [
            106.81803057252367,
            29.72130929980098,
            500
          ],
          [
            106.81803954365793,
            29.72130929980098,
            500
          ],
          [
            106.8180485147922,
            29.72130929980098,
            500
          ],
          [
            106.81805748592646,
            29.72130929980098,
            500
          ],
          [
            106.81806645706074,
            29.72130929980098,
            500
          ],
          [
            106.818075428195,
            29.72130929980098,
            500
          ],
          [
            106.81808439932927,
            29.72130929980098,
            500
          ],
          [
            106.81809337046353,
            29.72130929980098,
            500
          ],
          [
            106.81810234159781,
            29.72130929980098,
            500
          ],
          [
            106.81811131273207,
            29.72130929980098,
            500
          ],
          [
            106.81812028386634,
            29.72130929980098,
            500
          ],
          [
            106.8181292550006,
            29.72130929980098,
            500
          ],
          [
            106.81813822613488,
            29.72130929980098,
            500
          ],
          [
            106.81814719726914,
            29.72130929980098,
            500
          ],
          [
            106.8181561684034,
            29.72130929980098,
            500
          ],
          [
            106.81816513953768,
            29.72130929980098,
            500
          ],
          [
            106.81817411067195,
            29.72130929980098,
            500
          ],
          [
            106.81818308180621,
            29.72130929980098,
            500
          ],
          [
            106.81819205294047,
            29.72130929980098,
            500
          ],
          [
            106.81820102407475,
            29.72130929980098,
            500
          ],
          [
            106.81820999520902,
            29.72130929980098,
            500
          ],
          [
            106.81821896634328,
            29.72130929980098,
            500
          ],
          [
            106.81822793747754,
            29.72130929980098,
            500
          ],
          [
            106.81823690861182,
            29.72130929980098,
            500
          ],
          [
            106.81824587974609,
            29.72130929980098,
            500
          ],
          [
            106.81825485088035,
            29.72130929980098,
            500
          ],
          [
            106.81826382201461,
            29.72130929980098,
            500
          ],
          [
            106.81827279314889,
            29.72130929980098,
            500
          ],
          [
            106.81828176428316,
            29.72130929980098,
            500
          ],
          [
            106.81829073541742,
            29.72130929980098,
            500
          ],
          [
            106.81829970655168,
            29.72130929980098,
            500
          ],
          [
            106.81830867768596,
            29.72130929980098,
            500
          ],
          [
            106.81831764882023,
            29.72130929980098,
            500
          ],
          [
            106.81832661995449,
            29.72130929980098,
            500
          ],
          [
            106.81833559108875,
            29.72130929980098,
            500
          ],
          [
            106.81834456222303,
            29.72130929980098,
            500
          ],
          [
            106.8183535333573,
            29.72130929980098,
            500
          ],
          [
            106.81836250449156,
            29.72130929980098,
            500
          ],
          [
            106.81837147562582,
            29.72130929980098,
            500
          ],
          [
            106.8183804467601,
            29.72130929980098,
            500
          ],
          [
            106.81838941789437,
            29.72130929980098,
            500
          ],
          [
            106.81839838902863,
            29.72130929980098,
            500
          ],
          [
            106.8184073601629,
            29.72130929980098,
            500
          ],
          [
            106.81841633129717,
            29.72130929980098,
            500
          ],
          [
            106.81842530243144,
            29.72130929980098,
            500
          ],
          [
            106.8184342735657,
            29.72130929980098,
            500
          ],
          [
            106.81844324469998,
            29.72130929980098,
            500
          ]
        ]
      },
      "properties": {
        "roadKey": "road_57cdf46fa5cfb1125bb72e4627696ec051857c2184a902b42e3f7212a3a5d2a7",
        "sourceRoadId": "9",
        "sourceRoadName": "Road 9",
        "sourceRoadGuid": null,
        "sourceFeatureReferenceKey": "wrf_f35d55240eb7ccc5b0ae3f6260d4b204",
        "sourceFeatureVersion": "od-512be596031023da",
        "physicalRoadGroupKey": "prg_1294b75fc7fd82c12e71840e41c6f8ad2f7b265620426fddd74fa44245ccfa3f",
        "roadClass": "XODR_TOWN",
        "widthM": 10,
        "widthSource": "XODR_DERIVED_UNVERIFIED",
        "surfaceMaterial": "UNKNOWN",
        "surfaceSource": "MISSING_IN_XODR",
        "oneWay": false,
        "serviceEligible": true,
        "speedMps": 17.8816,
        "speedSource": "XODR_UNIFORM_SOURCE",
        "sourceFormat": "XODR",
        "sourceArtifactHash": "sha256:f9119c2fa0c73093c2c2d15d262ede56fbcefd3de091f652523559aca13d3481",
        "conditionClass": "UNKNOWN"
      }
    },
    {
      "type": "Feature",
      "id": "road_6d8d2108bfa37a06e2b4cfd677a70ee1463653385acc89d870dfd2430871daec",
      "geometry": {
        "type": "LineString",
        "coordinates": [
          [
            106.81246049324623,
            29.718965488488582,
            500.00095711181257
          ],
          [
            106.8124661078785,
            29.718972436115184,
            500.000000691932
          ],
          [
            106.81246626301308,
            29.718972628080945,
            500
          ],
          [
            106.81247172251076,
            29.71897938374179,
            500
          ],
          [
            106.81247733714304,
            29.718986331368395,
            500
          ],
          [
            106.8124829517753,
            29.718993278994997,
            500
          ],
          [
            106.81248856640757,
            29.719000226621603,
            500
          ],
          [
            106.81249418103984,
            29.71900717424821,
            500
          ],
          [
            106.8124997956721,
            29.71901412187481,
            500
          ],
          [
            106.81250541030437,
            29.719021069501416,
            500
          ],
          [
            106.81251102493663,
            29.71902801712802,
            500
          ],
          [
            106.8125166395689,
            29.719034964754623,
            500
          ],
          [
            106.81252225420117,
            29.71904191238123,
            500
          ],
          [
            106.81252786883343,
            29.719048860007835,
            500
          ],
          [
            106.8125334834657,
            29.719055807634437,
            500
          ],
          [
            106.81253909809796,
            29.719062755261042,
            500
          ],
          [
            106.81254471273023,
            29.719069702887644,
            500
          ],
          [
            106.8125503273625,
            29.71907665051425,
            500
          ],
          [
            106.81255594199476,
            29.719083598140855,
            500
          ],
          [
            106.81256155662703,
            29.719090545767457,
            500
          ],
          [
            106.81256717125929,
            29.719097493394063,
            500
          ],
          [
            106.81257278589156,
            29.71910444102067,
            500
          ],
          [
            106.81257840052383,
            29.71911138864727,
            500
          ],
          [
            106.81258401515609,
            29.719118336273876,
            500
          ],
          [
            106.81258962978836,
            29.719125283900482,
            500
          ],
          [
            106.81259524442062,
            29.719132231527084,
            500
          ],
          [
            106.81260085905289,
            29.71913917915369,
            500
          ],
          [
            106.81260496362754,
            29.71914425821331,
            500
          ],
          [
            106.81260647368516,
            29.719146126780295,
            500.0000104497434
          ],
          [
            106.81261208831742,
            29.719153074406897,
            500.0002326218577
          ],
          [
            106.8126177029497,
            29.719160022033503,
            500.0007437230278
          ],
          [
            106.81262331758195,
            29.719166969660108,
            500.0015437532538
          ],
          [
            106.81262893221422,
            29.71917391728671,
            500.0026327125356
          ],
          [
            106.8126345468465,
            29.719180864913316,
            500.00401060087324
          ],
          [
            106.81264016147875,
            29.71918781253992,
            500.00567741826666
          ],
          [
            106.81264577611103,
            29.719194760166523,
            500.00763316471597
          ],
          [
            106.81265139074328,
            29.71920170779313,
            500.00987784022107
          ],
          [
            106.81265700537556,
            29.71920865541973,
            500.012411444782
          ],
          [
            106.81266262000783,
            29.719215603046337,
            500.0152339783988
          ],
          [
            106.81266823464009,
            29.719222550672942,
            500.0183454410714
          ],
          [
            106.81267384927236,
            29.719229498299544,
            500.0217458327998
          ],
          [
            106.81267946390462,
            29.71923644592615,
            500.0254351535841
          ],
          [
            106.81268507853689,
            29.719243393552755,
            500.0294134034242
          ],
          [
            106.81269069316916,
            29.719250341179357,
            500.03368058232013
          ],
          [
            106.81269630780142,
            29.719257288805963,
            500.03823669027184
          ],
          [
            106.81270192243369,
            29.71926423643257,
            500.04308172727946
          ],
          [
            106.81270753706595,
            29.71927118405917,
            500.04821569334285
          ],
          [
            106.81271315169822,
            29.719278131685776,
            500.0536385884621
          ],
          [
            106.81271876633049,
            29.71928507931238,
            500.0593504126372
          ],
          [
            106.81272438096275,
            29.719292026938984,
            500.06535116586804
          ],
          [
            106.81272999559502,
            29.71929897456559,
            500.0716408481548
          ],
          [
            106.81273561022728,
            29.719305922192195,
            500.07821945949735
          ],
          [
            106.81274122485955,
            29.719312869818797,
            500.08508699989574
          ]
        ]
      },
      "properties": {
        "roadKey": "road_6d8d2108bfa37a06e2b4cfd677a70ee1463653385acc89d870dfd2430871daec",
        "sourceRoadId": "0",
        "sourceRoadName": "Road 0",
        "sourceRoadGuid": null,
        "sourceFeatureReferenceKey": "wrf_dd1caf32855d562a560fe94431c3a1ec",
        "sourceFeatureVersion": "od-0b4e79deb514facf",
        "physicalRoadGroupKey": "prg_508c22db7f6db49179ff39b04182a9f3698575c4ad0b19581cbff55ee773bc02",
        "roadClass": "XODR_TOWN",
        "widthM": 12,
        "widthSource": "XODR_DERIVED_UNVERIFIED",
        "surfaceMaterial": "UNKNOWN",
        "surfaceSource": "MISSING_IN_XODR",
        "oneWay": false,
        "serviceEligible": true,
        "speedMps": 17.8816,
        "speedSource": "XODR_UNIFORM_SOURCE",
        "sourceFormat": "XODR",
        "sourceArtifactHash": "sha256:f9119c2fa0c73093c2c2d15d262ede56fbcefd3de091f652523559aca13d3481",
        "conditionClass": "UNKNOWN"
      }
    },
    {
      "type": "Feature",
      "id": "road_6e1452c0e328df4595c81c7de17473bad75cf1460f31afa9918dfad420be0a99",
      "geometry": {
        "type": "LineString",
        "coordinates": [
          [
            106.81376839310431,
            29.720080379675338,
            500
          ],
          [
            106.81375955971102,
            29.72008043117597,
            500
          ],
          [
            106.81375072631772,
            29.720080482676604,
            500
          ],
          [
            106.81374189292443,
            29.72008053417724,
            500
          ],
          [
            106.81373305953113,
            29.720080585677874,
            500
          ],
          [
            106.81372422613784,
            29.720080637178505,
            500
          ],
          [
            106.81371539274454,
            29.72008068867914,
            500
          ],
          [
            106.81370655935125,
            29.720080740179775,
            500
          ],
          [
            106.81369772595795,
            29.720080791680406,
            500
          ],
          [
            106.81368889256466,
            29.72008084318104,
            500
          ],
          [
            106.81368005917136,
            29.720080894681676,
            500
          ],
          [
            106.81367122577807,
            29.72008094618231,
            500
          ],
          [
            106.81366239238477,
            29.720080997682942,
            500
          ],
          [
            106.81365355899146,
            29.720081049183577,
            500
          ],
          [
            106.81364472559817,
            29.72008110068421,
            500
          ],
          [
            106.81363589220487,
            29.720081152184843,
            500
          ],
          [
            106.81362705881158,
            29.720081203685478,
            500
          ],
          [
            106.81361822541828,
            29.720081255186113,
            500
          ],
          [
            106.81360939202499,
            29.720081306686748,
            500
          ],
          [
            106.81360055863169,
            29.72008135818738,
            500
          ],
          [
            106.8135917252384,
            29.720081409688014,
            500
          ],
          [
            106.8135828918451,
            29.72008146118865,
            500
          ],
          [
            106.8135740584518,
            29.72008151268928,
            500
          ],
          [
            106.81356522505851,
            29.720081564189915,
            500
          ],
          [
            106.81355639166522,
            29.72008161569055,
            500
          ],
          [
            106.81354755827192,
            29.720081667191184,
            500
          ],
          [
            106.81353872487863,
            29.720081718691816,
            500
          ],
          [
            106.81352989148533,
            29.72008177019245,
            500
          ],
          [
            106.81352105809204,
            29.720081821693086,
            500
          ],
          [
            106.81351222469874,
            29.720081873193717,
            500
          ],
          [
            106.81350339130543,
            29.72008192469435,
            500
          ],
          [
            106.81349455791214,
            29.720081976194987,
            500
          ],
          [
            106.81348572451884,
            29.72008202769562,
            500
          ],
          [
            106.81347689112555,
            29.720082079196253,
            500
          ],
          [
            106.81346805773225,
            29.720082130696888,
            500
          ],
          [
            106.81345922433896,
            29.720082182197523,
            500
          ],
          [
            106.81345039094566,
            29.720082233698154,
            500
          ],
          [
            106.81344155755237,
            29.72008228519879,
            500
          ],
          [
            106.81343272415907,
            29.720082336699424,
            500
          ],
          [
            106.81342389076578,
            29.72008238820006,
            500
          ],
          [
            106.81341505737248,
            29.72008243970069,
            500
          ],
          [
            106.81340622397919,
            29.720082491201325,
            500
          ],
          [
            106.81339739058589,
            29.72008254270196,
            500
          ],
          [
            106.8133885571926,
            29.72008259420259,
            500
          ],
          [
            106.8133797237993,
            29.720082645703226,
            500
          ],
          [
            106.813370890406,
            29.72008269720386,
            500
          ],
          [
            106.8133620570127,
            29.720082748704495,
            500
          ],
          [
            106.8133532236194,
            29.720082800205127,
            500
          ],
          [
            106.8133443902261,
            29.72008285170576,
            500
          ],
          [
            106.81333555683281,
            29.720082903206396,
            500
          ],
          [
            106.81332672343952,
            29.72008295470703,
            500
          ],
          [
            106.81331789004622,
            29.720083006207663,
            500
          ],
          [
            106.81330905665293,
            29.720083057708298,
            500
          ],
          [
            106.81330022325963,
            29.720083109208932,
            500
          ],
          [
            106.81329138986634,
            29.720083160709564,
            500
          ],
          [
            106.81328255647304,
            29.7200832122102,
            500
          ],
          [
            106.81327372307975,
            29.720083263710833,
            500
          ],
          [
            106.81326488968645,
            29.72008331521147,
            500
          ],
          [
            106.81325605629316,
            29.7200833667121,
            500
          ],
          [
            106.81324722289986,
            29.720083418212734,
            500
          ],
          [
            106.81323838950657,
            29.72008346971337,
            500
          ]
        ]
      },
      "properties": {
        "roadKey": "road_6e1452c0e328df4595c81c7de17473bad75cf1460f31afa9918dfad420be0a99",
        "sourceRoadId": "33",
        "sourceRoadName": "Road 33",
        "sourceRoadGuid": null,
        "sourceFeatureReferenceKey": "wrf_94f5b957fbf80a9d87f398a76661e8cd",
        "sourceFeatureVersion": "od-3330fdb67e8926d9",
        "physicalRoadGroupKey": "prg_6b0594335d8747d627721a04e14606316a7296a62194a4ae9c0a1ae2aaecbd10",
        "roadClass": "XODR_TOWN",
        "widthM": 12,
        "widthSource": "XODR_DERIVED_UNVERIFIED",
        "surfaceMaterial": "UNKNOWN",
        "surfaceSource": "MISSING_IN_XODR",
        "oneWay": false,
        "serviceEligible": true,
        "speedMps": 17.8816,
        "speedSource": "XODR_UNIFORM_SOURCE",
        "sourceFormat": "XODR",
        "sourceArtifactHash": "sha256:f9119c2fa0c73093c2c2d15d262ede56fbcefd3de091f652523559aca13d3481",
        "conditionClass": "UNKNOWN"
      }
    },
    {
      "type": "Feature",
      "id": "road_775a121812a83dbb6ae7b929947a9f705b319efa4c55461519d4a3fca864f908",
      "geometry": {
        "type": "LineString",
        "coordinates": [
          [
            106.81328244693111,
            29.718595350099513,
            500
          ],
          [
            106.8132912503813,
            29.718595350099513,
            500
          ],
          [
            106.8133000538315,
            29.718595350099513,
            500
          ],
          [
            106.81330885728168,
            29.718595350099513,
            500
          ],
          [
            106.81331766073187,
            29.718595350099513,
            500
          ],
          [
            106.81332646418207,
            29.718595350099513,
            500
          ],
          [
            106.81333526763225,
            29.718595350099513,
            500
          ],
          [
            106.81334407108244,
            29.718595350099513,
            500
          ],
          [
            106.81335287453264,
            29.718595350099513,
            500
          ],
          [
            106.81336167798283,
            29.718595350099513,
            500
          ],
          [
            106.81337048143301,
            29.718595350099513,
            500
          ],
          [
            106.81337928488321,
            29.718595350099513,
            500
          ],
          [
            106.8133880883334,
            29.718595350099513,
            500
          ],
          [
            106.81339689178358,
            29.718595350099513,
            500
          ],
          [
            106.81340569523378,
            29.718595350099513,
            500
          ],
          [
            106.81341449868397,
            29.718595350099513,
            500
          ],
          [
            106.81342330213415,
            29.718595350099513,
            500
          ],
          [
            106.81343210558435,
            29.718595350099513,
            500
          ],
          [
            106.81344090903454,
            29.718595350099513,
            500
          ],
          [
            106.81344971248473,
            29.718595350099513,
            500
          ],
          [
            106.81345851593493,
            29.718595350099513,
            500
          ],
          [
            106.81346731938511,
            29.718595350099513,
            500
          ],
          [
            106.8134761228353,
            29.718595350099513,
            500
          ],
          [
            106.8134849262855,
            29.718595350099513,
            500
          ],
          [
            106.81349372973568,
            29.718595350099513,
            500
          ],
          [
            106.81350253318587,
            29.718595350099513,
            500
          ],
          [
            106.81351133663607,
            29.718595350099513,
            500
          ],
          [
            106.81352014008625,
            29.718595350099513,
            500
          ],
          [
            106.81352894353644,
            29.718595350099513,
            500
          ],
          [
            106.81353774698664,
            29.718595350099513,
            500
          ],
          [
            106.81354655043683,
            29.718595350099513,
            500
          ],
          [
            106.81355535388701,
            29.718595350099513,
            500
          ],
          [
            106.81356415733721,
            29.718595350099513,
            500
          ],
          [
            106.8135729607874,
            29.718595350099513,
            500
          ],
          [
            106.81358176423758,
            29.718595350099513,
            500
          ],
          [
            106.81359056768778,
            29.718595350099513,
            500
          ],
          [
            106.81359937113797,
            29.718595350099513,
            500
          ],
          [
            106.81360817458815,
            29.718595350099513,
            500
          ],
          [
            106.81361697803835,
            29.718595350099513,
            500
          ],
          [
            106.81362578148854,
            29.718595350099513,
            500
          ],
          [
            106.81363458493874,
            29.718595350099513,
            500
          ],
          [
            106.81364338838893,
            29.718595350099513,
            500
          ],
          [
            106.81365219183911,
            29.718595350099513,
            500
          ],
          [
            106.81366099528931,
            29.718595350099513,
            500
          ],
          [
            106.8136697987395,
            29.718595350099513,
            500
          ],
          [
            106.81367860218968,
            29.718595350099513,
            500
          ],
          [
            106.81368740563988,
            29.718595350099513,
            500
          ],
          [
            106.81369620909007,
            29.718595350099513,
            500
          ],
          [
            106.81370501254025,
            29.718595350099513,
            500
          ],
          [
            106.81371381599045,
            29.718595350099513,
            500
          ],
          [
            106.81372261944064,
            29.718595350099513,
            500
          ]
        ]
      },
      "properties": {
        "roadKey": "road_775a121812a83dbb6ae7b929947a9f705b319efa4c55461519d4a3fca864f908",
        "sourceRoadId": "12",
        "sourceRoadName": "Road 12",
        "sourceRoadGuid": null,
        "sourceFeatureReferenceKey": "wrf_a4ece4abbc688246a834058f37219fa4",
        "sourceFeatureVersion": "od-1fbb65fcdd65aeaf",
        "physicalRoadGroupKey": "prg_9ae3bddde5dcb3fb4dbe3cac93890c0df464f19a3bb46743cc62588aab12e0dd",
        "roadClass": "XODR_TOWN",
        "widthM": 40,
        "widthSource": "XODR_DERIVED_UNVERIFIED",
        "surfaceMaterial": "UNKNOWN",
        "surfaceSource": "MISSING_IN_XODR",
        "oneWay": false,
        "serviceEligible": true,
        "speedMps": 17.8816,
        "speedSource": "XODR_UNIFORM_SOURCE",
        "sourceFormat": "XODR",
        "sourceArtifactHash": "sha256:f9119c2fa0c73093c2c2d15d262ede56fbcefd3de091f652523559aca13d3481",
        "conditionClass": "UNKNOWN"
      }
    },
    {
      "type": "Feature",
      "id": "road_7be06409a6c83313c3866367015c35636d8bad1a23c1e43516470b7f12b6922a",
      "geometry": {
        "type": "LineString",
        "coordinates": [
          [
            106.81395168882501,
            29.718916500814185,
            500
          ],
          [
            106.81395168882501,
            29.71892536894974,
            500
          ],
          [
            106.81395168882501,
            29.7189342370853,
            500
          ],
          [
            106.81395168882501,
            29.718943105220855,
            500
          ],
          [
            106.81395168882501,
            29.718951973356415,
            500
          ],
          [
            106.81395168882501,
            29.71896084149197,
            500
          ],
          [
            106.81395168882501,
            29.71896970962753,
            500
          ],
          [
            106.81395168882501,
            29.718978577763085,
            500
          ],
          [
            106.81395168882501,
            29.718987445898644,
            500
          ],
          [
            106.81395168882501,
            29.7189963140342,
            500
          ],
          [
            106.81395168882501,
            29.71900518216976,
            500
          ],
          [
            106.81395168882501,
            29.719014050305315,
            500
          ],
          [
            106.81395168882501,
            29.71902291844087,
            500
          ],
          [
            106.81395168882501,
            29.71903178657643,
            500
          ],
          [
            106.81395168882501,
            29.719040654711986,
            500
          ],
          [
            106.81395168882501,
            29.719049522847545,
            500
          ],
          [
            106.81395168882501,
            29.7190583909831,
            500
          ],
          [
            106.81395168882501,
            29.71906725911866,
            500
          ],
          [
            106.81395168882501,
            29.719076127254215,
            500
          ],
          [
            106.81395168882501,
            29.719084995389775,
            500
          ],
          [
            106.81395168882501,
            29.71909386352533,
            500
          ],
          [
            106.81395168882501,
            29.71910273166089,
            500
          ],
          [
            106.81395168882501,
            29.719111599796445,
            500
          ],
          [
            106.81395168882501,
            29.719120467932,
            500
          ],
          [
            106.81395168882501,
            29.71912933606756,
            500
          ],
          [
            106.81395168882501,
            29.719138204203116,
            500
          ],
          [
            106.81395168882501,
            29.719147072338675,
            500
          ],
          [
            106.81395168882501,
            29.71915594047423,
            500
          ],
          [
            106.81395168882501,
            29.71916480860979,
            500
          ],
          [
            106.81395168882501,
            29.719173676745346,
            500
          ],
          [
            106.81395168882501,
            29.719182544880905,
            500
          ],
          [
            106.81395168882501,
            29.71919141301646,
            500
          ],
          [
            106.81395168882501,
            29.71920028115202,
            500
          ],
          [
            106.81395168882501,
            29.719209149287575,
            500
          ],
          [
            106.81395168882501,
            29.71921801742313,
            500
          ],
          [
            106.81395168882501,
            29.71922688555869,
            500
          ],
          [
            106.81395168882501,
            29.719235753694246,
            500
          ],
          [
            106.81395168882501,
            29.719244621829805,
            500
          ],
          [
            106.81395168882501,
            29.71925348996536,
            500
          ],
          [
            106.81395168882501,
            29.71926235810092,
            500
          ],
          [
            106.81395168882501,
            29.719271226236476,
            500
          ],
          [
            106.81395168882501,
            29.719280094372035,
            500
          ],
          [
            106.81395168882501,
            29.71928896250759,
            500
          ],
          [
            106.81395168882501,
            29.71929783064315,
            500
          ],
          [
            106.81395168882501,
            29.719306698778706,
            500
          ],
          [
            106.81395168882501,
            29.71931556691426,
            500
          ],
          [
            106.81395168882501,
            29.71932443504982,
            500
          ],
          [
            106.81395168882501,
            29.719333303185376,
            500
          ]
        ]
      },
      "properties": {
        "roadKey": "road_7be06409a6c83313c3866367015c35636d8bad1a23c1e43516470b7f12b6922a",
        "sourceRoadId": "34",
        "sourceRoadName": "Road 34",
        "sourceRoadGuid": null,
        "sourceFeatureReferenceKey": "wrf_8d12a524e4d3fae1ee77ffba6f329dcf",
        "sourceFeatureVersion": "od-9cf938e35d2dc787",
        "physicalRoadGroupKey": "prg_2bdfd3ad5fa025ee9f14c009afc3c2841548e76739530f6a327015db7b17af12",
        "roadClass": "XODR_TOWN",
        "widthM": 20,
        "widthSource": "XODR_DERIVED_UNVERIFIED",
        "surfaceMaterial": "UNKNOWN",
        "surfaceSource": "MISSING_IN_XODR",
        "oneWay": false,
        "serviceEligible": true,
        "speedMps": 17.8816,
        "speedSource": "XODR_UNIFORM_SOURCE",
        "sourceFormat": "XODR",
        "sourceArtifactHash": "sha256:f9119c2fa0c73093c2c2d15d262ede56fbcefd3de091f652523559aca13d3481",
        "conditionClass": "UNKNOWN"
      }
    },
    {
      "type": "Feature",
      "id": "road_85616c007852db414df1bf5ac00057d6d399b46158e42823eba9bec60fb63596",
      "geometry": {
        "type": "LineString",
        "coordinates": [
          [
            106.81257545447878,
            29.718595350099513,
            500
          ],
          [
            106.81258434211377,
            29.718595350099513,
            500
          ],
          [
            106.81259322974876,
            29.718595350099513,
            500
          ],
          [
            106.81260211738375,
            29.718595350099513,
            500
          ],
          [
            106.81261100501875,
            29.718595350099513,
            500
          ],
          [
            106.81261989265374,
            29.718595350099513,
            500
          ],
          [
            106.81262878028873,
            29.718595350099513,
            500
          ],
          [
            106.81263766792372,
            29.718595350099513,
            500
          ],
          [
            106.81264655555873,
            29.718595350099513,
            500
          ],
          [
            106.81265544319372,
            29.718595350099513,
            500
          ],
          [
            106.81266433082871,
            29.718595350099513,
            500
          ],
          [
            106.8126732184637,
            29.718595350099513,
            500
          ],
          [
            106.8126821060987,
            29.718595350099513,
            500
          ],
          [
            106.8126909937337,
            29.718595350099513,
            500
          ],
          [
            106.81269988136869,
            29.718595350099513,
            500
          ],
          [
            106.81270876900368,
            29.718595350099513,
            500
          ],
          [
            106.81271765663868,
            29.718595350099513,
            500
          ],
          [
            106.81272654427367,
            29.718595350099513,
            500
          ],
          [
            106.81273543190866,
            29.718595350099513,
            500
          ],
          [
            106.81274431954365,
            29.718595350099513,
            500
          ],
          [
            106.81275320717864,
            29.718595350099513,
            500
          ],
          [
            106.81276209481365,
            29.718595350099513,
            500
          ],
          [
            106.81277098244864,
            29.718595350099513,
            500
          ],
          [
            106.81277987008363,
            29.718595350099513,
            500
          ],
          [
            106.81278875771862,
            29.718595350099513,
            500
          ],
          [
            106.81279764535363,
            29.718595350099513,
            500
          ],
          [
            106.81280653298862,
            29.718595350099513,
            500
          ],
          [
            106.81281542062361,
            29.718595350099513,
            500
          ],
          [
            106.8128243082586,
            29.718595350099513,
            500
          ]
        ]
      },
      "properties": {
        "roadKey": "road_85616c007852db414df1bf5ac00057d6d399b46158e42823eba9bec60fb63596",
        "sourceRoadId": "11",
        "sourceRoadName": "Road 11",
        "sourceRoadGuid": null,
        "sourceFeatureReferenceKey": "wrf_499ded7ad09976039f0b285e7c5f257f",
        "sourceFeatureVersion": "od-473418cde1f33a73",
        "physicalRoadGroupKey": "prg_e2a74e642cb86c8cd2a4fafa40e75189723670dfc2fbe9ab356cdae5f1bfa3ca",
        "roadClass": "XODR_TOWN",
        "widthM": 40,
        "widthSource": "XODR_DERIVED_UNVERIFIED",
        "surfaceMaterial": "UNKNOWN",
        "surfaceSource": "MISSING_IN_XODR",
        "oneWay": false,
        "serviceEligible": true,
        "speedMps": 17.8816,
        "speedSource": "XODR_UNIFORM_SOURCE",
        "sourceFormat": "XODR",
        "sourceArtifactHash": "sha256:f9119c2fa0c73093c2c2d15d262ede56fbcefd3de091f652523559aca13d3481",
        "conditionClass": "UNKNOWN"
      }
    },
    {
      "type": "Feature",
      "id": "road_85aee4f3b69a9b09287ad5034a92d3e5003922bc894bda90d6604a9e32e01429",
      "geometry": {
        "type": "LineString",
        "coordinates": [
          [
            106.8120646459939,
            29.718872192003612,
            500
          ],
          [
            106.81206459059966,
            29.71888120675599,
            500
          ],
          [
            106.81206453520544,
            29.71889022150837,
            500
          ],
          [
            106.8120644798112,
            29.71889923626075,
            500
          ],
          [
            106.81206442441697,
            29.718908251013126,
            500
          ],
          [
            106.81206436902274,
            29.718917265765505,
            500
          ],
          [
            106.81206431362851,
            29.718926280517884,
            500
          ],
          [
            106.81206425823427,
            29.718935295270263,
            500
          ],
          [
            106.81206420284005,
            29.71894431002264,
            500
          ],
          [
            106.81206414744581,
            29.71895332477502,
            500
          ],
          [
            106.81206409205159,
            29.718962339527398,
            500
          ],
          [
            106.81206403665735,
            29.718971354279777,
            500
          ],
          [
            106.81206398126312,
            29.718980369032153,
            500
          ],
          [
            106.81206392586888,
            29.718989383784532,
            500
          ],
          [
            106.81206387047466,
            29.71899839853691,
            500
          ],
          [
            106.81206381508042,
            29.71900741328929,
            500
          ],
          [
            106.8120637596862,
            29.719016428041666,
            500
          ],
          [
            106.81206370429196,
            29.719025442794045,
            500
          ],
          [
            106.81206364889773,
            29.719034457546424,
            500
          ],
          [
            106.8120635935035,
            29.719043472298804,
            500
          ],
          [
            106.81206353810927,
            29.71905248705118,
            500
          ],
          [
            106.81206348271503,
            29.71906150180356,
            500
          ],
          [
            106.81206342732081,
            29.719070516555938,
            500
          ],
          [
            106.81206337192657,
            29.719079531308317,
            500
          ],
          [
            106.81206331653235,
            29.719088546060696,
            500
          ],
          [
            106.8120632611381,
            29.719097560813072,
            500
          ],
          [
            106.81206320574388,
            29.71910657556545,
            500
          ],
          [
            106.81206315034964,
            29.71911559031783,
            500
          ],
          [
            106.81206309495542,
            29.71912460507021,
            500
          ],
          [
            106.81206303956118,
            29.719133619822586,
            500
          ],
          [
            106.81206298416696,
            29.719142634574965,
            500
          ],
          [
            106.81206292877272,
            29.719151649327344,
            500
          ],
          [
            106.8120628733785,
            29.719160664079723,
            500
          ],
          [
            106.81206281798426,
            29.7191696788321,
            500
          ],
          [
            106.81206276259003,
            29.719178693584478,
            500
          ],
          [
            106.81206270719579,
            29.719187708336857,
            500
          ],
          [
            106.81206265180157,
            29.719196723089237,
            500
          ],
          [
            106.81206259640734,
            29.719205737841612,
            500
          ],
          [
            106.8120625410131,
            29.71921475259399,
            500
          ],
          [
            106.81206248561888,
            29.71922376734637,
            500
          ],
          [
            106.81206243022464,
            29.71923278209875,
            500
          ],
          [
            106.81206237483042,
            29.71924179685113,
            500
          ],
          [
            106.81206231943618,
            29.719250811603505,
            500
          ],
          [
            106.81206226404196,
            29.719259826355884,
            500
          ],
          [
            106.81206220864772,
            29.719268841108264,
            500
          ],
          [
            106.81206215325349,
            29.719277855860643,
            500
          ],
          [
            106.81206209785925,
            29.71928687061302,
            500
          ]
        ]
      },
      "properties": {
        "roadKey": "road_85aee4f3b69a9b09287ad5034a92d3e5003922bc894bda90d6604a9e32e01429",
        "sourceRoadId": "40",
        "sourceRoadName": "Road 40",
        "sourceRoadGuid": null,
        "sourceFeatureReferenceKey": "wrf_2a19315f0693239135a7a783a0ec5007",
        "sourceFeatureVersion": "od-179aad06706984a0",
        "physicalRoadGroupKey": "prg_9fea6b3c085c6e7d54002b3e59d5ac8fdcf6fcf7b8d18afdd4419aca7529aef6",
        "roadClass": "XODR_TOWN",
        "widthM": 12,
        "widthSource": "XODR_DERIVED_UNVERIFIED",
        "surfaceMaterial": "UNKNOWN",
        "surfaceSource": "MISSING_IN_XODR",
        "oneWay": false,
        "serviceEligible": true,
        "speedMps": 17.8816,
        "speedSource": "XODR_UNIFORM_SOURCE",
        "sourceFormat": "XODR",
        "sourceArtifactHash": "sha256:f9119c2fa0c73093c2c2d15d262ede56fbcefd3de091f652523559aca13d3481",
        "conditionClass": "UNKNOWN"
      }
    },
    {
      "type": "Feature",
      "id": "road_8778063dd293edb8a66f068e554b9ad729530e005074055ce5b27b6337603b85",
      "geometry": {
        "type": "LineString",
        "coordinates": [
          [
            106.81496228889688,
            29.719378533933757,
            500
          ],
          [
            106.81496228889688,
            29.71936963453701,
            500
          ],
          [
            106.81496228889688,
            29.71936073514026,
            500
          ],
          [
            106.81496228889688,
            29.719351835743513,
            500
          ],
          [
            106.81496228889688,
            29.719342936346766,
            500
          ],
          [
            106.81496228889688,
            29.71933403695002,
            500
          ],
          [
            106.81496228889688,
            29.719325137553273,
            500
          ],
          [
            106.81496228889688,
            29.719316238156523,
            500
          ],
          [
            106.81496228889688,
            29.719307338759776,
            500
          ],
          [
            106.81496228889688,
            29.71929843936303,
            500
          ],
          [
            106.81496228889688,
            29.719289539966283,
            500
          ],
          [
            106.81496228889688,
            29.719280640569536,
            500
          ],
          [
            106.81496228889688,
            29.71927174117279,
            500
          ],
          [
            106.81496228889688,
            29.71926284177604,
            500
          ],
          [
            106.81496228889688,
            29.719253942379293,
            500
          ],
          [
            106.81496228889688,
            29.719245042982546,
            500
          ],
          [
            106.81496228889688,
            29.7192361435858,
            500
          ],
          [
            106.81496228889688,
            29.719227244189053,
            500
          ],
          [
            106.81496228889688,
            29.719218344792303,
            500
          ],
          [
            106.81496228889688,
            29.719209445395556,
            500
          ],
          [
            106.81496228889688,
            29.71920054599881,
            500
          ],
          [
            106.81496228889688,
            29.719191646602063,
            500
          ],
          [
            106.81496228889688,
            29.719182747205316,
            500
          ],
          [
            106.81496228889688,
            29.71917384780857,
            500
          ],
          [
            106.81496228889688,
            29.71916494841182,
            500
          ],
          [
            106.81496228889688,
            29.719156049015073,
            500
          ],
          [
            106.81496228889688,
            29.719147149618326,
            500
          ],
          [
            106.81496228889688,
            29.71913825022158,
            500
          ],
          [
            106.81496228889688,
            29.719129350824833,
            500
          ],
          [
            106.81496228889688,
            29.719120451428083,
            500
          ],
          [
            106.81496228889688,
            29.719111552031336,
            500
          ],
          [
            106.81496228889688,
            29.71910265263459,
            500
          ],
          [
            106.81496228889688,
            29.719093753237843,
            500
          ],
          [
            106.81496228889688,
            29.719084853841096,
            500
          ],
          [
            106.81496228889688,
            29.71907595444435,
            500
          ],
          [
            106.81496228889688,
            29.7190670550476,
            500
          ],
          [
            106.81496228889688,
            29.719058155650853,
            500
          ],
          [
            106.81496228889688,
            29.719049256254106,
            500
          ],
          [
            106.81496228889688,
            29.71904035685736,
            500
          ],
          [
            106.81496228889688,
            29.719031457460613,
            500
          ],
          [
            106.81496228889688,
            29.719022558063863,
            500
          ],
          [
            106.81496228889688,
            29.719013658667116,
            500
          ],
          [
            106.81496228889688,
            29.71900475927037,
            500
          ],
          [
            106.81496228889688,
            29.718995859873623,
            500
          ],
          [
            106.81496228889688,
            29.718986960476876,
            500
          ],
          [
            106.81496228889688,
            29.71897806108013,
            500
          ],
          [
            106.81496228889688,
            29.71896916168338,
            500
          ],
          [
            106.81496228889688,
            29.718960262286632,
            500
          ],
          [
            106.81496228889688,
            29.718951362889886,
            500
          ],
          [
            106.81496228889688,
            29.71894246349314,
            500
          ],
          [
            106.81496228889688,
            29.718933564096393,
            500
          ],
          [
            106.81496228889688,
            29.718924664699646,
            500
          ],
          [
            106.81496228889688,
            29.718915765302896,
            500
          ],
          [
            106.81496228889688,
            29.71890686590615,
            500
          ],
          [
            106.81496228889688,
            29.718897966509402,
            500
          ],
          [
            106.81496228889688,
            29.718889067112656,
            500
          ],
          [
            106.81496228889688,
            29.71888016771591,
            500
          ],
          [
            106.81496228889688,
            29.71887126831916,
            500
          ]
        ]
      },
      "properties": {
        "roadKey": "road_8778063dd293edb8a66f068e554b9ad729530e005074055ce5b27b6337603b85",
        "sourceRoadId": "2",
        "sourceRoadName": "Road 2",
        "sourceRoadGuid": null,
        "sourceFeatureReferenceKey": "wrf_52be7cc1827e798b6e5bb54e1244b30a",
        "sourceFeatureVersion": "od-273f0f66ef095cd6",
        "physicalRoadGroupKey": "prg_b4ea8a0a8f342a61618804c36a88cb7ad39ceeb4145fce4a5a7b2ab9ae02cbfb",
        "roadClass": "XODR_TOWN",
        "widthM": 15,
        "widthSource": "XODR_DERIVED_UNVERIFIED",
        "surfaceMaterial": "UNKNOWN",
        "surfaceSource": "MISSING_IN_XODR",
        "oneWay": false,
        "serviceEligible": true,
        "speedMps": 17.8816,
        "speedSource": "XODR_UNIFORM_SOURCE",
        "sourceFormat": "XODR",
        "sourceArtifactHash": "sha256:f9119c2fa0c73093c2c2d15d262ede56fbcefd3de091f652523559aca13d3481",
        "conditionClass": "UNKNOWN"
      }
    },
    {
      "type": "Feature",
      "id": "road_8d6e181cff4275175d15807d440411060b46f5c681a1f195bb0c134a96650c9f",
      "geometry": {
        "type": "LineString",
        "coordinates": [
          [
            106.81773807055175,
            29.718595350099513,
            500
          ],
          [
            106.817746898778,
            29.718595350099513,
            500
          ],
          [
            106.81775572700423,
            29.718595350099513,
            500
          ],
          [
            106.81776455523045,
            29.718595350099513,
            500
          ],
          [
            106.81777338345668,
            29.718595350099513,
            500
          ],
          [
            106.81778221168291,
            29.718595350099513,
            500
          ],
          [
            106.81779103990915,
            29.718595350099513,
            500
          ],
          [
            106.81779986813538,
            29.718595350099513,
            500
          ],
          [
            106.81780869636161,
            29.718595350099513,
            500
          ],
          [
            106.81781752458784,
            29.718595350099513,
            500
          ],
          [
            106.81782635281408,
            29.718595350099513,
            500
          ],
          [
            106.81783518104031,
            29.718595350099513,
            500
          ],
          [
            106.81784400926654,
            29.718595350099513,
            500
          ],
          [
            106.81785283749277,
            29.718595350099513,
            500
          ],
          [
            106.81786166571901,
            29.718595350099513,
            500
          ],
          [
            106.81787049394524,
            29.718595350099513,
            500
          ],
          [
            106.81787932217146,
            29.718595350099513,
            500
          ],
          [
            106.81788815039769,
            29.718595350099513,
            500
          ],
          [
            106.81789697862393,
            29.718595350099513,
            500
          ],
          [
            106.81790580685016,
            29.718595350099513,
            500
          ],
          [
            106.81791463507639,
            29.718595350099513,
            500
          ],
          [
            106.81792346330262,
            29.718595350099513,
            500
          ],
          [
            106.81793229152885,
            29.718595350099513,
            500
          ],
          [
            106.81794111975509,
            29.718595350099513,
            500
          ],
          [
            106.81794994798132,
            29.718595350099513,
            500
          ],
          [
            106.81795877620755,
            29.718595350099513,
            500
          ],
          [
            106.81796760443378,
            29.718595350099513,
            500
          ],
          [
            106.81797643266002,
            29.718595350099513,
            500
          ],
          [
            106.81798526088625,
            29.718595350099513,
            500
          ],
          [
            106.81799408911247,
            29.718595350099513,
            500
          ]
        ]
      },
      "properties": {
        "roadKey": "road_8d6e181cff4275175d15807d440411060b46f5c681a1f195bb0c134a96650c9f",
        "sourceRoadId": "16",
        "sourceRoadName": "Road 16",
        "sourceRoadGuid": null,
        "sourceFeatureReferenceKey": "wrf_85835c2540a6f06e15c553d57612daf3",
        "sourceFeatureVersion": "od-70d042a5e1f020e5",
        "physicalRoadGroupKey": "prg_8542543e33094db92662ace3392e3d0d31505349e41a747cf1397f14aa455bad",
        "roadClass": "XODR_TOWN",
        "widthM": 40,
        "widthSource": "XODR_DERIVED_UNVERIFIED",
        "surfaceMaterial": "UNKNOWN",
        "surfaceSource": "MISSING_IN_XODR",
        "oneWay": false,
        "serviceEligible": true,
        "speedMps": 17.8816,
        "speedSource": "XODR_UNIFORM_SOURCE",
        "sourceFormat": "XODR",
        "sourceArtifactHash": "sha256:f9119c2fa0c73093c2c2d15d262ede56fbcefd3de091f652523559aca13d3481",
        "conditionClass": "UNKNOWN"
      }
    },
    {
      "type": "Feature",
      "id": "road_97b523d5c8cc5de95e4f73e039147901a08c67f94cb0f1e7859522caf0936adc",
      "geometry": {
        "type": "LineString",
        "coordinates": [
          [
            106.81512398491637,
            29.718595350099513,
            500
          ],
          [
            106.8151329351961,
            29.718595350099513,
            500
          ],
          [
            106.81514188547582,
            29.718595350099513,
            500
          ],
          [
            106.81515083575556,
            29.718595350099513,
            500
          ],
          [
            106.81515978603528,
            29.718595350099513,
            500
          ],
          [
            106.81516873631502,
            29.718595350099513,
            500
          ],
          [
            106.81517768659474,
            29.718595350099513,
            500
          ],
          [
            106.81518663687447,
            29.718595350099513,
            500
          ],
          [
            106.8151955871542,
            29.718595350099513,
            500
          ],
          [
            106.81520453743393,
            29.718595350099513,
            500
          ],
          [
            106.81521348771365,
            29.718595350099513,
            500
          ],
          [
            106.81522243799338,
            29.718595350099513,
            500
          ],
          [
            106.8152313882731,
            29.718595350099513,
            500
          ],
          [
            106.81524033855284,
            29.718595350099513,
            500
          ],
          [
            106.81524928883256,
            29.718595350099513,
            500
          ],
          [
            106.81525823911228,
            29.718595350099513,
            500
          ],
          [
            106.81526718939202,
            29.718595350099513,
            500
          ],
          [
            106.81527613967174,
            29.718595350099513,
            500
          ],
          [
            106.81528508995147,
            29.718595350099513,
            500
          ],
          [
            106.8152940402312,
            29.718595350099513,
            500
          ],
          [
            106.81530299051093,
            29.718595350099513,
            500
          ],
          [
            106.81531194079065,
            29.718595350099513,
            500
          ],
          [
            106.81532089107039,
            29.718595350099513,
            500
          ],
          [
            106.8153298413501,
            29.718595350099513,
            500
          ],
          [
            106.81533879162984,
            29.718595350099513,
            500
          ],
          [
            106.81534774190956,
            29.718595350099513,
            500
          ],
          [
            106.8153566921893,
            29.718595350099513,
            500
          ],
          [
            106.81536564246902,
            29.718595350099513,
            500
          ],
          [
            106.81537459274875,
            29.718595350099513,
            500
          ],
          [
            106.81538354302847,
            29.718595350099513,
            500
          ],
          [
            106.81539249330821,
            29.718595350099513,
            500
          ],
          [
            106.81540144358793,
            29.718595350099513,
            500
          ],
          [
            106.81541039386765,
            29.718595350099513,
            500
          ],
          [
            106.81541934414739,
            29.718595350099513,
            500
          ],
          [
            106.81542829442711,
            29.718595350099513,
            500
          ],
          [
            106.81543724470684,
            29.718595350099513,
            500
          ],
          [
            106.81544619498656,
            29.718595350099513,
            500
          ],
          [
            106.8154551452663,
            29.718595350099513,
            500
          ]
        ]
      },
      "properties": {
        "roadKey": "road_97b523d5c8cc5de95e4f73e039147901a08c67f94cb0f1e7859522caf0936adc",
        "sourceRoadId": "14",
        "sourceRoadName": "Road 14",
        "sourceRoadGuid": null,
        "sourceFeatureReferenceKey": "wrf_14252623cd2d487204bd1d8524e8f17a",
        "sourceFeatureVersion": "od-9f3deebfc01721b9",
        "physicalRoadGroupKey": "prg_48ae60fb6e149fbc5c8e5b7bd04b9b2aa357a543c4f226461a02776f5e8392e6",
        "roadClass": "XODR_TOWN",
        "widthM": 40,
        "widthSource": "XODR_DERIVED_UNVERIFIED",
        "surfaceMaterial": "UNKNOWN",
        "surfaceSource": "MISSING_IN_XODR",
        "oneWay": false,
        "serviceEligible": true,
        "speedMps": 17.8816,
        "speedSource": "XODR_UNIFORM_SOURCE",
        "sourceFormat": "XODR",
        "sourceArtifactHash": "sha256:f9119c2fa0c73093c2c2d15d262ede56fbcefd3de091f652523559aca13d3481",
        "conditionClass": "UNKNOWN"
      }
    },
    {
      "type": "Feature",
      "id": "road_98f05b53b5775666bafc31813e405d96400c40eff5a5febd732b5348a0e11c19",
      "geometry": {
        "type": "LineString",
        "coordinates": [
          [
            106.81259150734692,
            29.71950066629293,
            500
          ],
          [
            106.81260020649,
            29.719500666276772,
            500
          ],
          [
            106.8126089056331,
            29.719500666260615,
            500
          ],
          [
            106.81261760477618,
            29.719500666244457,
            500
          ],
          [
            106.81262630391927,
            29.7195006662283,
            500
          ],
          [
            106.81263500306235,
            29.71950066621214,
            500
          ],
          [
            106.81264370220545,
            29.719500666195984,
            500
          ],
          [
            106.81265240134853,
            29.719500666179826,
            500
          ],
          [
            106.81266110049161,
            29.71950066616367,
            500
          ]
        ]
      },
      "properties": {
        "roadKey": "road_98f05b53b5775666bafc31813e405d96400c40eff5a5febd732b5348a0e11c19",
        "sourceRoadId": "20",
        "sourceRoadName": "Road 20",
        "sourceRoadGuid": null,
        "sourceFeatureReferenceKey": "wrf_51d6d5e27177145964bf6185757a58e8",
        "sourceFeatureVersion": "od-25167f5bb2868d23",
        "physicalRoadGroupKey": "prg_b067379f7e7b6f1f69b9b9295eb51be5a98bc5df75685f318ecb702806e00f26",
        "roadClass": "XODR_TOWN",
        "widthM": 16,
        "widthSource": "XODR_DERIVED_UNVERIFIED",
        "surfaceMaterial": "UNKNOWN",
        "surfaceSource": "MISSING_IN_XODR",
        "oneWay": false,
        "serviceEligible": true,
        "speedMps": 17.8816,
        "speedSource": "XODR_UNIFORM_SOURCE",
        "sourceFormat": "XODR",
        "sourceArtifactHash": "sha256:f9119c2fa0c73093c2c2d15d262ede56fbcefd3de091f652523559aca13d3481",
        "conditionClass": "UNKNOWN"
      }
    },
    {
      "type": "Feature",
      "id": "road_a66b0ae01b185c42b8dfbd94ad52b4baf5477bbf0ce7ad1f4e66e24e7b0ccd4e",
      "geometry": {
        "type": "LineString",
        "coordinates": [
          [
            106.81485,
            29.720665880337233,
            500
          ],
          [
            106.81485,
            29.72067487101304,
            500
          ],
          [
            106.81485,
            29.720683861688844,
            500
          ],
          [
            106.81485,
            29.72069285236465,
            500
          ],
          [
            106.81485,
            29.72070184304046,
            500
          ],
          [
            106.81485,
            29.720710833716264,
            500
          ],
          [
            106.81485,
            29.72071982439207,
            500
          ],
          [
            106.81485,
            29.720728815067876,
            500
          ],
          [
            106.81485,
            29.72073780574368,
            500
          ],
          [
            106.81485,
            29.72074679641949,
            500
          ],
          [
            106.81485,
            29.720755787095296,
            500
          ],
          [
            106.81485,
            29.7207647777711,
            500
          ],
          [
            106.81485,
            29.720773768446907,
            500
          ],
          [
            106.81485,
            29.720782759122716,
            500
          ],
          [
            106.81485,
            29.720791749798522,
            500
          ],
          [
            106.81485,
            29.720800740474328,
            500
          ],
          [
            106.81485,
            29.720809731150133,
            500
          ],
          [
            106.81485,
            29.720818721825943,
            500
          ],
          [
            106.81485,
            29.720827712501748,
            500
          ],
          [
            106.81485,
            29.720836703177554,
            500
          ],
          [
            106.81485,
            29.72084569385336,
            500
          ],
          [
            106.81485,
            29.72085468452917,
            500
          ],
          [
            106.81485,
            29.720863675204974,
            500
          ],
          [
            106.81485,
            29.72087266588078,
            500
          ],
          [
            106.81485,
            29.720881656556585,
            500
          ],
          [
            106.81485,
            29.720890647232395,
            500
          ],
          [
            106.81485,
            29.7208996379082,
            500
          ],
          [
            106.81485,
            29.720908628584006,
            500
          ],
          [
            106.81485,
            29.72091761925981,
            500
          ],
          [
            106.81485,
            29.720926609935617,
            500
          ],
          [
            106.81485,
            29.720935600611426,
            500
          ],
          [
            106.81485,
            29.720944591287232,
            500
          ],
          [
            106.81485,
            29.720953581963037,
            500
          ],
          [
            106.81485,
            29.720962572638843,
            500
          ],
          [
            106.81485,
            29.720971563314652,
            500
          ],
          [
            106.81485,
            29.720980553990458,
            500
          ],
          [
            106.81485,
            29.720989544666264,
            500
          ],
          [
            106.81485,
            29.72099853534207,
            500
          ],
          [
            106.81485,
            29.72100752601788,
            500
          ],
          [
            106.81485,
            29.721016516693684,
            500
          ],
          [
            106.81485,
            29.72102550736949,
            500
          ],
          [
            106.81485,
            29.721034498045295,
            500
          ],
          [
            106.81485,
            29.721043488721104,
            500
          ],
          [
            106.81485,
            29.72105247939691,
            500
          ],
          [
            106.81485,
            29.721061470072716,
            500
          ],
          [
            106.81485,
            29.72107046074852,
            500
          ],
          [
            106.81485,
            29.72107945142433,
            500
          ],
          [
            106.81485,
            29.721088442100136,
            500
          ],
          [
            106.81485,
            29.72109743277594,
            500
          ],
          [
            106.81485,
            29.721106423451747,
            500
          ],
          [
            106.81485,
            29.721115414127553,
            500
          ],
          [
            106.81485,
            29.721124404803362,
            500
          ],
          [
            106.81485,
            29.721133395479168,
            500
          ],
          [
            106.81485,
            29.721142386154973,
            500
          ],
          [
            106.81485,
            29.72115137683078,
            500
          ],
          [
            106.81485,
            29.721160367506588,
            500
          ],
          [
            106.81485,
            29.721169358182394,
            500
          ],
          [
            106.81485,
            29.7211783488582,
            500
          ],
          [
            106.81485,
            29.721187339534005,
            500
          ],
          [
            106.81485,
            29.721196330209814,
            500
          ],
          [
            106.81485,
            29.72120532088562,
            500
          ],
          [
            106.81485,
            29.721214311561425,
            500
          ]
        ]
      },
      "properties": {
        "roadKey": "road_a66b0ae01b185c42b8dfbd94ad52b4baf5477bbf0ce7ad1f4e66e24e7b0ccd4e",
        "sourceRoadId": "18",
        "sourceRoadName": "Road 18",
        "sourceRoadGuid": null,
        "sourceFeatureReferenceKey": "wrf_c364b7f2cda071cce532f6314046b2e3",
        "sourceFeatureVersion": "od-fb70f8e9912244ea",
        "physicalRoadGroupKey": "prg_db8c1861c866d8356963ae96b502a829bfff57737d4a556b086759deff6de553",
        "roadClass": "XODR_TOWN",
        "widthM": 40,
        "widthSource": "XODR_DERIVED_UNVERIFIED",
        "surfaceMaterial": "UNKNOWN",
        "surfaceSource": "MISSING_IN_XODR",
        "oneWay": false,
        "serviceEligible": true,
        "speedMps": 17.8816,
        "speedSource": "XODR_UNIFORM_SOURCE",
        "sourceFormat": "XODR",
        "sourceArtifactHash": "sha256:f9119c2fa0c73093c2c2d15d262ede56fbcefd3de091f652523559aca13d3481",
        "conditionClass": "UNKNOWN"
      }
    },
    {
      "type": "Feature",
      "id": "road_a84c080293cf51e02feb136dbcf8df2b52bc9c496980d5862e98c4617deadf6b",
      "geometry": {
        "type": "LineString",
        "coordinates": [
          [
            106.81588771947258,
            29.718595350099513,
            500
          ],
          [
            106.81589668622834,
            29.718595350099513,
            500
          ],
          [
            106.8159056529841,
            29.718595350099513,
            500
          ],
          [
            106.81591461973984,
            29.718595350099513,
            500
          ],
          [
            106.8159235864956,
            29.718595350099513,
            500
          ],
          [
            106.81593255325136,
            29.718595350099513,
            500
          ],
          [
            106.81594152000712,
            29.718595350099513,
            500
          ],
          [
            106.81595048676287,
            29.718595350099513,
            500
          ],
          [
            106.81595945351863,
            29.718595350099513,
            500
          ],
          [
            106.81596842027439,
            29.718595350099513,
            500
          ],
          [
            106.81597738703014,
            29.718595350099513,
            500
          ],
          [
            106.8159863537859,
            29.718595350099513,
            500
          ],
          [
            106.81599532054165,
            29.718595350099513,
            500
          ],
          [
            106.8160042872974,
            29.718595350099513,
            500
          ],
          [
            106.81601325405316,
            29.718595350099513,
            500
          ],
          [
            106.81602222080892,
            29.718595350099513,
            500
          ],
          [
            106.81603118756468,
            29.718595350099513,
            500
          ],
          [
            106.81604015432043,
            29.718595350099513,
            500
          ],
          [
            106.81604912107619,
            29.718595350099513,
            500
          ],
          [
            106.81605808783195,
            29.718595350099513,
            500
          ],
          [
            106.8160670545877,
            29.718595350099513,
            500
          ],
          [
            106.81607602134345,
            29.718595350099513,
            500
          ],
          [
            106.8160849880992,
            29.718595350099513,
            500
          ],
          [
            106.81609395485496,
            29.718595350099513,
            500
          ],
          [
            106.81610292161072,
            29.718595350099513,
            500
          ],
          [
            106.81611188836648,
            29.718595350099513,
            500
          ],
          [
            106.81612085512224,
            29.718595350099513,
            500
          ],
          [
            106.816129821878,
            29.718595350099513,
            500
          ],
          [
            106.81613878863375,
            29.718595350099513,
            500
          ],
          [
            106.81614775538951,
            29.718595350099513,
            500
          ],
          [
            106.81615672214525,
            29.718595350099513,
            500
          ],
          [
            106.81616568890101,
            29.718595350099513,
            500
          ],
          [
            106.81617465565677,
            29.718595350099513,
            500
          ],
          [
            106.81618362241252,
            29.718595350099513,
            500
          ],
          [
            106.81619258916828,
            29.718595350099513,
            500
          ],
          [
            106.81620155592404,
            29.718595350099513,
            500
          ],
          [
            106.8162105226798,
            29.718595350099513,
            500
          ],
          [
            106.81621948943555,
            29.718595350099513,
            500
          ],
          [
            106.81622845619131,
            29.718595350099513,
            500
          ],
          [
            106.81623742294705,
            29.718595350099513,
            500
          ],
          [
            106.81624638970281,
            29.718595350099513,
            500
          ],
          [
            106.81625535645857,
            29.718595350099513,
            500
          ],
          [
            106.81626432321433,
            29.718595350099513,
            500
          ],
          [
            106.81627328997008,
            29.718595350099513,
            500
          ],
          [
            106.81628225672584,
            29.718595350099513,
            500
          ],
          [
            106.8162912234816,
            29.718595350099513,
            500
          ],
          [
            106.81630019023736,
            29.718595350099513,
            500
          ],
          [
            106.81630915699311,
            29.718595350099513,
            500
          ],
          [
            106.81631812374886,
            29.718595350099513,
            500
          ],
          [
            106.81632709050461,
            29.718595350099513,
            500
          ],
          [
            106.81633605726037,
            29.718595350099513,
            500
          ],
          [
            106.81634502401613,
            29.718595350099513,
            500
          ],
          [
            106.81635399077189,
            29.718595350099513,
            500
          ],
          [
            106.81636295752764,
            29.718595350099513,
            500
          ],
          [
            106.8163719242834,
            29.718595350099513,
            500
          ],
          [
            106.81638089103916,
            29.718595350099513,
            500
          ],
          [
            106.81638985779492,
            29.718595350099513,
            500
          ],
          [
            106.81639882455066,
            29.718595350099513,
            500
          ],
          [
            106.81640779130642,
            29.718595350099513,
            500
          ],
          [
            106.81641675806218,
            29.718595350099513,
            500
          ],
          [
            106.81642572481793,
            29.718595350099513,
            500
          ],
          [
            106.81643469157369,
            29.718595350099513,
            500
          ],
          [
            106.81644365832945,
            29.718595350099513,
            500
          ],
          [
            106.8164526250852,
            29.718595350099513,
            500
          ],
          [
            106.81646159184096,
            29.718595350099513,
            500
          ],
          [
            106.81647055859672,
            29.718595350099513,
            500
          ],
          [
            106.81647952535246,
            29.718595350099513,
            500
          ],
          [
            106.81648849210822,
            29.718595350099513,
            500
          ],
          [
            106.81649745886398,
            29.718595350099513,
            500
          ],
          [
            106.81650642561974,
            29.718595350099513,
            500
          ],
          [
            106.81651539237549,
            29.718595350099513,
            500
          ],
          [
            106.81652435913125,
            29.718595350099513,
            500
          ],
          [
            106.81653332588701,
            29.718595350099513,
            500
          ],
          [
            106.81654229264277,
            29.718595350099513,
            500
          ],
          [
            106.81655125939852,
            29.718595350099513,
            500
          ],
          [
            106.81656022615427,
            29.718595350099513,
            500
          ],
          [
            106.81656919291002,
            29.718595350099513,
            500
          ],
          [
            106.81657815966578,
            29.718595350099513,
            500
          ],
          [
            106.81658712642154,
            29.718595350099513,
            500
          ],
          [
            106.8165960931773,
            29.718595350099513,
            500
          ],
          [
            106.81660505993305,
            29.718595350099513,
            500
          ],
          [
            106.81661402668881,
            29.718595350099513,
            500
          ],
          [
            106.81662299344457,
            29.718595350099513,
            500
          ],
          [
            106.81663196020033,
            29.718595350099513,
            500
          ],
          [
            106.81664092695607,
            29.718595350099513,
            500
          ],
          [
            106.81664989371183,
            29.718595350099513,
            500
          ],
          [
            106.81665886046758,
            29.718595350099513,
            500
          ],
          [
            106.81666782722334,
            29.718595350099513,
            500
          ],
          [
            106.8166767939791,
            29.718595350099513,
            500
          ],
          [
            106.81668576073486,
            29.718595350099513,
            500
          ],
          [
            106.81669472749061,
            29.718595350099513,
            500
          ],
          [
            106.81670369424637,
            29.718595350099513,
            500
          ],
          [
            106.81671266100213,
            29.718595350099513,
            500
          ],
          [
            106.81672162775787,
            29.718595350099513,
            500
          ],
          [
            106.81673059451363,
            29.718595350099513,
            500
          ],
          [
            106.81673956126939,
            29.718595350099513,
            500
          ],
          [
            106.81674852802514,
            29.718595350099513,
            500
          ],
          [
            106.8167574947809,
            29.718595350099513,
            500
          ],
          [
            106.81676646153666,
            29.718595350099513,
            500
          ],
          [
            106.81677542829242,
            29.718595350099513,
            500
          ],
          [
            106.81678439504817,
            29.718595350099513,
            500
          ],
          [
            106.81679336180392,
            29.718595350099513,
            500
          ],
          [
            106.81680232855967,
            29.718595350099513,
            500
          ],
          [
            106.81681129531543,
            29.718595350099513,
            500
          ],
          [
            106.81682026207119,
            29.718595350099513,
            500
          ],
          [
            106.81682922882695,
            29.718595350099513,
            500
          ],
          [
            106.8168381955827,
            29.718595350099513,
            500
          ],
          [
            106.81684716233846,
            29.718595350099513,
            500
          ],
          [
            106.81685612909422,
            29.718595350099513,
            500
          ],
          [
            106.81686509584998,
            29.718595350099513,
            500
          ],
          [
            106.81687406260572,
            29.718595350099513,
            500
          ],
          [
            106.81688302936148,
            29.718595350099513,
            500
          ],
          [
            106.81689199611723,
            29.718595350099513,
            500
          ],
          [
            106.81690096287299,
            29.718595350099513,
            500
          ],
          [
            106.81690992962875,
            29.718595350099513,
            500
          ],
          [
            106.81691889638451,
            29.718595350099513,
            500
          ],
          [
            106.81692786314026,
            29.718595350099513,
            500
          ],
          [
            106.81693682989602,
            29.718595350099513,
            500
          ],
          [
            106.81694579665178,
            29.718595350099513,
            500
          ],
          [
            106.81695476340752,
            29.718595350099513,
            500
          ],
          [
            106.81696373016328,
            29.718595350099513,
            500
          ],
          [
            106.81697269691904,
            29.718595350099513,
            500
          ],
          [
            106.8169816636748,
            29.718595350099513,
            500
          ],
          [
            106.81699063043055,
            29.718595350099513,
            500
          ],
          [
            106.81699959718631,
            29.718595350099513,
            500
          ],
          [
            106.81700856394207,
            29.718595350099513,
            500
          ],
          [
            106.81701753069783,
            29.718595350099513,
            500
          ],
          [
            106.81702649745358,
            29.718595350099513,
            500
          ],
          [
            106.81703546420933,
            29.718595350099513,
            500
          ],
          [
            106.81704443096508,
            29.718595350099513,
            500
          ],
          [
            106.81705339772084,
            29.718595350099513,
            500
          ],
          [
            106.8170623644766,
            29.718595350099513,
            500
          ],
          [
            106.81707133123236,
            29.718595350099513,
            500
          ],
          [
            106.81708029798811,
            29.718595350099513,
            500
          ],
          [
            106.81708926474387,
            29.718595350099513,
            500
          ],
          [
            106.81709823149963,
            29.718595350099513,
            500
          ],
          [
            106.81710719825539,
            29.718595350099513,
            500
          ],
          [
            106.81711616501113,
            29.718595350099513,
            500
          ],
          [
            106.81712513176689,
            29.718595350099513,
            500
          ],
          [
            106.81713409852264,
            29.718595350099513,
            500
          ],
          [
            106.8171430652784,
            29.718595350099513,
            500
          ],
          [
            106.81715203203416,
            29.718595350099513,
            500
          ],
          [
            106.81716099878992,
            29.718595350099513,
            500
          ],
          [
            106.81716996554567,
            29.718595350099513,
            500
          ],
          [
            106.81717893230143,
            29.718595350099513,
            500
          ],
          [
            106.81718789905719,
            29.718595350099513,
            500
          ],
          [
            106.81719686581293,
            29.718595350099513,
            500
          ],
          [
            106.81720583256869,
            29.718595350099513,
            500
          ],
          [
            106.81721479932445,
            29.718595350099513,
            500
          ],
          [
            106.8172237660802,
            29.718595350099513,
            500
          ],
          [
            106.81723273283596,
            29.718595350099513,
            500
          ],
          [
            106.81724169959172,
            29.718595350099513,
            500
          ],
          [
            106.81725066634748,
            29.718595350099513,
            500
          ],
          [
            106.81725963310323,
            29.718595350099513,
            500
          ],
          [
            106.81726859985899,
            29.718595350099513,
            500
          ],
          [
            106.81727756661473,
            29.718595350099513,
            500
          ],
          [
            106.81728653337049,
            29.718595350099513,
            500
          ],
          [
            106.81729550012625,
            29.718595350099513,
            500
          ],
          [
            106.817304466882,
            29.718595350099513,
            500
          ],
          [
            106.81731343363776,
            29.718595350099513,
            500
          ],
          [
            106.81732240039352,
            29.718595350099513,
            500
          ],
          [
            106.81733136714928,
            29.718595350099513,
            500
          ],
          [
            106.81734033390504,
            29.718595350099513,
            500
          ],
          [
            106.8173493006608,
            29.718595350099513,
            500
          ]
        ]
      },
      "properties": {
        "roadKey": "road_a84c080293cf51e02feb136dbcf8df2b52bc9c496980d5862e98c4617deadf6b",
        "sourceRoadId": "15",
        "sourceRoadName": "Road 15",
        "sourceRoadGuid": null,
        "sourceFeatureReferenceKey": "wrf_1ea7a4682da7556a88ead9f47d6b671b",
        "sourceFeatureVersion": "od-a83b7c1bee624a81",
        "physicalRoadGroupKey": "prg_6beaa12945c582e1e965912830826ddfabc72292a7e1f6576f2b84691ce847b6",
        "roadClass": "XODR_TOWN",
        "widthM": 40,
        "widthSource": "XODR_DERIVED_UNVERIFIED",
        "surfaceMaterial": "UNKNOWN",
        "surfaceSource": "MISSING_IN_XODR",
        "oneWay": false,
        "serviceEligible": true,
        "speedMps": 17.8816,
        "speedSource": "XODR_UNIFORM_SOURCE",
        "sourceFormat": "XODR",
        "sourceArtifactHash": "sha256:f9119c2fa0c73093c2c2d15d262ede56fbcefd3de091f652523559aca13d3481",
        "conditionClass": "UNKNOWN"
      }
    },
    {
      "type": "Feature",
      "id": "road_afa3d3c851696aeba1fa66b4dd89b64265ff657963b3f4784afb929c93ddfa7a",
      "geometry": {
        "type": "LineString",
        "coordinates": [
          [
            106.81305337765002,
            29.719668025321752,
            500
          ],
          [
            106.81305337765002,
            29.7196768979766,
            500
          ],
          [
            106.81305337765002,
            29.719685770631454,
            500
          ],
          [
            106.81305337765002,
            29.719694643286307,
            500
          ],
          [
            106.81305337765002,
            29.719703515941156,
            500
          ],
          [
            106.81305337765002,
            29.719712388596008,
            500
          ],
          [
            106.81305337765002,
            29.719721261250857,
            500
          ],
          [
            106.81305337765002,
            29.71973013390571,
            500
          ],
          [
            106.81305337765002,
            29.71973900656056,
            500
          ],
          [
            106.81305337765002,
            29.71974787921541,
            500
          ],
          [
            106.81305337765002,
            29.719756751870264,
            500
          ],
          [
            106.81305337765002,
            29.719765624525113,
            500
          ],
          [
            106.81305337765002,
            29.719774497179966,
            500
          ],
          [
            106.81305337765002,
            29.719783369834815,
            500
          ],
          [
            106.81305337765002,
            29.719792242489667,
            500
          ],
          [
            106.81305337765002,
            29.719801115144517,
            500
          ],
          [
            106.81305337765002,
            29.71980998779937,
            500
          ],
          [
            106.81305337765002,
            29.719818860454218,
            500
          ],
          [
            106.81305337765002,
            29.71982773310907,
            500
          ],
          [
            106.81305337765002,
            29.719836605763923,
            500
          ],
          [
            106.81305337765002,
            29.719845478418772,
            500
          ],
          [
            106.81305337765002,
            29.719854351073625,
            500
          ],
          [
            106.81305337765002,
            29.719863223728474,
            500
          ],
          [
            106.81305337765002,
            29.719872096383327,
            500
          ],
          [
            106.81305337765002,
            29.719880969038176,
            500
          ],
          [
            106.81305337765002,
            29.71988984169303,
            500
          ],
          [
            106.81305337765002,
            29.719898714347877,
            500
          ],
          [
            106.81305337765002,
            29.71990758700273,
            500
          ],
          [
            106.81305337765002,
            29.719916459657583,
            500
          ],
          [
            106.81305337765002,
            29.71992533231243,
            500
          ],
          [
            106.81305337765002,
            29.719934204967284,
            500
          ]
        ]
      },
      "properties": {
        "roadKey": "road_afa3d3c851696aeba1fa66b4dd89b64265ff657963b3f4784afb929c93ddfa7a",
        "sourceRoadId": "28",
        "sourceRoadName": "Road 28",
        "sourceRoadGuid": null,
        "sourceFeatureReferenceKey": "wrf_c9b2f6964dd2e5467887581c94087f7a",
        "sourceFeatureVersion": "od-f26690449a7542ac",
        "physicalRoadGroupKey": "prg_8973b6773c2875e2e0724c707faf8eb0fa0c98fb654e853079f7df7e9882f271",
        "roadClass": "XODR_TOWN",
        "widthM": 20,
        "widthSource": "XODR_DERIVED_UNVERIFIED",
        "surfaceMaterial": "UNKNOWN",
        "surfaceSource": "MISSING_IN_XODR",
        "oneWay": false,
        "serviceEligible": true,
        "speedMps": 17.8816,
        "speedSource": "XODR_UNIFORM_SOURCE",
        "sourceFormat": "XODR",
        "sourceArtifactHash": "sha256:f9119c2fa0c73093c2c2d15d262ede56fbcefd3de091f652523559aca13d3481",
        "conditionClass": "UNKNOWN"
      }
    },
    {
      "type": "Feature",
      "id": "road_b8ea3a4cf5947530acf6043cc820cb37dba4b039a240a9653549d38ff3276484",
      "geometry": {
        "type": "LineString",
        "coordinates": [
          [
            106.81116692418254,
            29.721218834810927,
            500
          ],
          [
            106.81116695348291,
            29.72122514240896,
            500
          ],
          [
            106.81116715853604,
            29.721231446280598,
            500
          ],
          [
            106.81116783259124,
            29.72123898361111,
            500
          ],
          [
            106.81116900891767,
            29.721246458154265,
            500
          ],
          [
            106.81117068217941,
            29.72125383600488,
            500
          ],
          [
            106.8111728447864,
            29.721261083696373,
            500
          ],
          [
            106.81117548692885,
            29.72126816835258,
            500
          ],
          [
            106.81117801982174,
            29.721273936804224,
            500
          ],
          [
            106.81118071264679,
            29.721279631772312,
            500
          ],
          [
            106.81118091729358,
            29.721280059407935,
            500
          ],
          [
            106.81118352575726,
            29.721285351128614,
            500
          ],
          [
            106.81118649467636,
            29.721290443756228,
            500
          ],
          [
            106.81119211616449,
            29.721297240962116,
            500
          ],
          [
            106.81119902290884,
            29.721302706488398,
            500
          ],
          [
            106.81120691051673,
            29.721306599459474,
            500
          ],
          [
            106.81121543136707,
            29.72130874830509,
            500
          ],
          [
            106.8112212758211,
            29.721309230773166,
            500
          ],
          [
            106.81122714188047,
            29.72130929980098,
            500
          ],
          [
            106.81123454466696,
            29.72130929980098,
            500
          ],
          [
            106.81124194745345,
            29.72130929980098,
            500
          ],
          [
            106.81124935023996,
            29.72130929980098,
            500
          ],
          [
            106.81125675302646,
            29.72130929980098,
            500
          ]
        ]
      },
      "properties": {
        "roadKey": "road_b8ea3a4cf5947530acf6043cc820cb37dba4b039a240a9653549d38ff3276484",
        "sourceRoadId": "30",
        "sourceRoadName": "Road 30",
        "sourceRoadGuid": null,
        "sourceFeatureReferenceKey": "wrf_454ffd54504dbf096ec9be1e2ce5df49",
        "sourceFeatureVersion": "od-47712f18ec8f0731",
        "physicalRoadGroupKey": "prg_35338c6a485ef8a70b03a565ffd8d38583cc36c813d283ee1268c8e8aef01666",
        "roadClass": "XODR_TOWN",
        "widthM": 10,
        "widthSource": "XODR_DERIVED_UNVERIFIED",
        "surfaceMaterial": "UNKNOWN",
        "surfaceSource": "MISSING_IN_XODR",
        "oneWay": false,
        "serviceEligible": true,
        "speedMps": 17.8816,
        "speedSource": "XODR_UNIFORM_SOURCE",
        "sourceFormat": "XODR",
        "sourceArtifactHash": "sha256:f9119c2fa0c73093c2c2d15d262ede56fbcefd3de091f652523559aca13d3481",
        "conditionClass": "UNKNOWN"
      }
    },
    {
      "type": "Feature",
      "id": "road_bebce884c88a9a7ca349fa14960f08a8551f2c9fbe1ecefb92fa0985a046a7bc",
      "geometry": {
        "type": "LineString",
        "coordinates": [
          [
            106.81116692418254,
            29.721218834810927,
            500
          ],
          [
            106.81116692418254,
            29.721209788311924,
            500
          ],
          [
            106.81116692418254,
            29.72120074181292,
            500
          ],
          [
            106.81116692418254,
            29.721191695313912,
            500
          ],
          [
            106.81116692418254,
            29.72118264881491,
            500
          ],
          [
            106.81116692418254,
            29.721173602315904,
            500
          ],
          [
            106.81116692418254,
            29.721164555816898,
            500
          ],
          [
            106.81116692418254,
            29.721155509317892,
            500
          ],
          [
            106.81116692418254,
            29.72114646281889,
            500
          ],
          [
            106.81116692418254,
            29.721137416319884,
            500
          ],
          [
            106.81116692418254,
            29.721128369820878,
            500
          ],
          [
            106.81116692418254,
            29.721119323321876,
            500
          ],
          [
            106.81116692418254,
            29.72111027682287,
            500
          ],
          [
            106.81116692418254,
            29.721101230323864,
            500
          ],
          [
            106.81116692418254,
            29.721092183824858,
            500
          ],
          [
            106.81116692418254,
            29.721083137325856,
            500
          ],
          [
            106.81116692418254,
            29.72107409082685,
            500
          ],
          [
            106.81116692418254,
            29.721065044327844,
            500
          ],
          [
            106.81116692418254,
            29.72105599782884,
            500
          ],
          [
            106.81116692418254,
            29.721046951329836,
            500
          ],
          [
            106.81116692418254,
            29.72103790483083,
            500
          ],
          [
            106.81116692418254,
            29.721028858331824,
            500
          ],
          [
            106.81116692418254,
            29.72101981183282,
            500
          ],
          [
            106.81116692418254,
            29.721010765333816,
            500
          ],
          [
            106.81116692418254,
            29.72100171883481,
            500
          ],
          [
            106.81116692418254,
            29.720992672335807,
            500
          ],
          [
            106.81116692418254,
            29.7209836258368,
            500
          ],
          [
            106.81116692418254,
            29.720974579337796,
            500
          ],
          [
            106.81116692418254,
            29.720965532838793,
            500
          ],
          [
            106.81116692418254,
            29.720956486339787,
            500
          ],
          [
            106.81116692418254,
            29.72094743984078,
            500
          ],
          [
            106.81116692418254,
            29.720938393341775,
            500
          ],
          [
            106.81116692418254,
            29.720929346842773,
            500
          ],
          [
            106.81116692418254,
            29.720920300343767,
            500
          ],
          [
            106.81116692418254,
            29.72091125384476,
            500
          ],
          [
            106.81116692418254,
            29.72090220734576,
            500
          ],
          [
            106.81116692418254,
            29.720893160846753,
            500
          ],
          [
            106.81116692418254,
            29.720884114347747,
            500
          ],
          [
            106.81116692418254,
            29.72087506784874,
            500
          ],
          [
            106.81116692418254,
            29.72086602134974,
            500
          ],
          [
            106.81116692418254,
            29.720856974850733,
            500
          ],
          [
            106.81116692418254,
            29.720847928351727,
            500
          ],
          [
            106.81116692418254,
            29.720838881852725,
            500
          ],
          [
            106.81116692418254,
            29.72082983535372,
            500
          ],
          [
            106.81116692418254,
            29.720820788854713,
            500
          ],
          [
            106.81116692418254,
            29.720811742355707,
            500
          ],
          [
            106.81116692418254,
            29.720802695856705,
            500
          ],
          [
            106.81116692418254,
            29.7207936493577,
            500
          ],
          [
            106.81116692418254,
            29.720784602858693,
            500
          ],
          [
            106.81116692418254,
            29.72077555635969,
            500
          ],
          [
            106.81116692418254,
            29.720766509860685,
            500
          ],
          [
            106.81116692418254,
            29.72075746336168,
            500
          ],
          [
            106.81116692418254,
            29.720748416862673,
            500
          ],
          [
            106.81116692418254,
            29.72073937036367,
            500
          ],
          [
            106.81116692418254,
            29.720730323864665,
            500
          ],
          [
            106.81116692418254,
            29.72072127736566,
            500
          ],
          [
            106.81116692418254,
            29.720712230866656,
            500
          ],
          [
            106.81116692418254,
            29.72070318436765,
            500
          ],
          [
            106.81116692418254,
            29.720694137868644,
            500
          ],
          [
            106.81116692418254,
            29.72068509136964,
            500
          ],
          [
            106.81116692418254,
            29.720676044870636,
            500
          ],
          [
            106.81116692418254,
            29.72066699837163,
            500
          ],
          [
            106.81116692418254,
            29.720657951872624,
            500
          ],
          [
            106.81116692418254,
            29.720648905373622,
            500
          ],
          [
            106.81116692418254,
            29.720639858874616,
            500
          ],
          [
            106.81116692418254,
            29.72063081237561,
            500
          ],
          [
            106.81116692418254,
            29.720621765876604,
            500
          ],
          [
            106.81116692418254,
            29.720612719377602,
            500
          ],
          [
            106.81116692418254,
            29.720603672878596,
            500
          ],
          [
            106.81116692418254,
            29.72059462637959,
            500
          ],
          [
            106.81116692418254,
            29.720585579880588,
            500
          ],
          [
            106.81116692418254,
            29.720576533381582,
            500
          ],
          [
            106.81116692418254,
            29.720567486882576,
            500
          ],
          [
            106.81116692418254,
            29.72055844038357,
            500
          ],
          [
            106.81116692418254,
            29.720549393884568,
            500
          ],
          [
            106.81116692418254,
            29.720540347385562,
            500
          ],
          [
            106.81116692418254,
            29.720531300886556,
            500
          ],
          [
            106.81116692418254,
            29.720522254387554,
            500
          ],
          [
            106.81116692418254,
            29.720513207888548,
            500
          ],
          [
            106.81116692418254,
            29.72050416138954,
            500
          ],
          [
            106.81116692418254,
            29.720495114890536,
            500
          ],
          [
            106.81116692418254,
            29.720486068391534,
            500
          ],
          [
            106.81116692418254,
            29.720477021892528,
            500
          ],
          [
            106.81116692418254,
            29.72046797539352,
            500
          ],
          [
            106.81116692418254,
            29.72045892889452,
            500
          ],
          [
            106.81116692418254,
            29.720449882395513,
            500
          ],
          [
            106.81116692418254,
            29.720440835896508,
            500
          ],
          [
            106.81116692418254,
            29.7204317893975,
            500
          ],
          [
            106.81116692418254,
            29.7204227428985,
            500
          ],
          [
            106.81116692418254,
            29.720413696399493,
            500
          ],
          [
            106.81116692418254,
            29.720404649900487,
            500
          ],
          [
            106.81116692418254,
            29.720395603401485,
            500
          ],
          [
            106.81116692418254,
            29.72038655690248,
            500
          ],
          [
            106.81116692418254,
            29.720377510403473,
            500
          ],
          [
            106.81116692418254,
            29.720368463904467,
            500
          ],
          [
            106.81116692418254,
            29.720359417405465,
            500
          ],
          [
            106.81116692418254,
            29.72035037090646,
            500
          ],
          [
            106.81116692418254,
            29.720341324407453,
            500
          ],
          [
            106.81116692418254,
            29.72033227790845,
            500
          ],
          [
            106.81116692418254,
            29.720323231409445,
            500
          ],
          [
            106.81116692418254,
            29.72031418491044,
            500
          ],
          [
            106.81116692418254,
            29.720305138411433,
            500
          ],
          [
            106.81116692418254,
            29.72029609191243,
            500
          ],
          [
            106.81116692418254,
            29.720287045413425,
            500
          ],
          [
            106.81116692418254,
            29.72027799891442,
            500
          ],
          [
            106.81116692418254,
            29.720268952415417,
            500
          ],
          [
            106.81116692418254,
            29.72025990591641,
            500
          ],
          [
            106.81116692418254,
            29.720250859417405,
            500
          ],
          [
            106.81116692418254,
            29.7202418129184,
            500
          ],
          [
            106.81116692418254,
            29.720232766419397,
            500
          ],
          [
            106.81116692418254,
            29.72022371992039,
            500
          ],
          [
            106.81116692418254,
            29.720214673421385,
            500
          ],
          [
            106.81116692418254,
            29.720205626922382,
            500
          ],
          [
            106.81116692418254,
            29.720196580423377,
            500
          ],
          [
            106.81116692418254,
            29.72018753392437,
            500
          ],
          [
            106.81116692418254,
            29.720178487425365,
            500
          ],
          [
            106.81116692418254,
            29.720169440926362,
            500
          ],
          [
            106.81116692418254,
            29.720160394427356,
            500
          ],
          [
            106.81116692418254,
            29.72015134792835,
            500
          ],
          [
            106.81116692418254,
            29.720142301429348,
            500
          ],
          [
            106.81116692418254,
            29.720133254930342,
            500
          ],
          [
            106.81116692418254,
            29.720124208431336,
            500
          ],
          [
            106.81116692418254,
            29.72011516193233,
            500
          ],
          [
            106.81116692418254,
            29.720106115433328,
            500
          ],
          [
            106.81116692418254,
            29.720097068934322,
            500
          ],
          [
            106.81116692418254,
            29.720088022435316,
            500
          ],
          [
            106.81116692418254,
            29.720078975936314,
            500
          ],
          [
            106.81116692418254,
            29.720069929437308,
            500
          ],
          [
            106.81116692418254,
            29.720060882938302,
            500
          ],
          [
            106.81116692418254,
            29.720051836439296,
            500
          ],
          [
            106.81116692418254,
            29.720042789940294,
            500
          ],
          [
            106.81116692418254,
            29.720033743441288,
            500
          ],
          [
            106.81116692418254,
            29.720024696942282,
            500
          ],
          [
            106.81116692418254,
            29.72001565044328,
            500
          ],
          [
            106.81116692418254,
            29.720006603944274,
            500
          ],
          [
            106.81116692418254,
            29.719997557445268,
            500
          ],
          [
            106.81116692418254,
            29.719988510946266,
            500
          ],
          [
            106.81116692418254,
            29.71997946444726,
            500
          ],
          [
            106.81116692418254,
            29.719970417948254,
            500
          ],
          [
            106.81116692418254,
            29.719961371449248,
            500
          ],
          [
            106.81116692418254,
            29.719952324950246,
            500
          ],
          [
            106.81116692418254,
            29.71994327845124,
            500
          ],
          [
            106.81116692418254,
            29.719934231952234,
            500
          ],
          [
            106.81116692418254,
            29.71992518545323,
            500
          ],
          [
            106.81116692418254,
            29.719916138954225,
            500
          ],
          [
            106.81116692418254,
            29.71990709245522,
            500
          ],
          [
            106.81116692418254,
            29.719898045956214,
            500
          ],
          [
            106.81116692418254,
            29.71988899945721,
            500
          ],
          [
            106.81116692418254,
            29.719879952958205,
            500
          ],
          [
            106.81116692418254,
            29.7198709064592,
            500
          ],
          [
            106.81116692418254,
            29.719861859960197,
            500
          ],
          [
            106.81116692418254,
            29.71985281346119,
            500
          ],
          [
            106.81116692418254,
            29.719843766962185,
            500
          ],
          [
            106.81116692418254,
            29.71983472046318,
            500
          ],
          [
            106.81116692418254,
            29.719825673964177,
            500
          ],
          [
            106.81116692418254,
            29.71981662746517,
            500
          ],
          [
            106.81116692418254,
            29.719807580966165,
            500
          ],
          [
            106.81116692418254,
            29.719798534467163,
            500
          ],
          [
            106.81116692418254,
            29.719789487968157,
            500
          ],
          [
            106.81116692418254,
            29.71978044146915,
            500
          ],
          [
            106.81116692418254,
            29.719771394970145,
            500
          ],
          [
            106.81116692418254,
            29.719762348471143,
            500
          ],
          [
            106.81116692418254,
            29.719753301972137,
            500
          ],
          [
            106.81116692418254,
            29.71974425547313,
            500
          ],
          [
            106.81116692418254,
            29.71973520897413,
            500
          ],
          [
            106.81116692418254,
            29.719726162475123,
            500
          ],
          [
            106.81116692418254,
            29.719717115976117,
            500
          ],
          [
            106.81116692418254,
            29.71970806947711,
            500
          ],
          [
            106.81116692418254,
            29.71969902297811,
            500
          ],
          [
            106.81116692418254,
            29.719689976479103,
            500
          ],
          [
            106.81116692418254,
            29.719680929980097,
            500
          ],
          [
            106.81116692418254,
            29.719671883481094,
            500
          ],
          [
            106.81116692418254,
            29.71966283698209,
            500
          ],
          [
            106.81116692418254,
            29.719653790483083,
            500
          ],
          [
            106.81116692418254,
            29.719644743984077,
            500
          ],
          [
            106.81116692418254,
            29.719635697485074,
            500
          ],
          [
            106.81116692418254,
            29.71962665098607,
            500
          ],
          [
            106.81116692418254,
            29.719617604487063,
            500
          ],
          [
            106.81116692418254,
            29.71960855798806,
            500
          ],
          [
            106.81116692418254,
            29.719599511489054,
            500
          ],
          [
            106.81116692418254,
            29.71959046499005,
            500
          ],
          [
            106.81116692418254,
            29.719581418491043,
            500
          ],
          [
            106.81116692418254,
            29.71957237199204,
            500
          ],
          [
            106.81116692418254,
            29.719563325493034,
            500
          ],
          [
            106.81116692418254,
            29.71955427899403,
            500
          ],
          [
            106.81116692418254,
            29.719545232495026,
            500
          ],
          [
            106.81116692418254,
            29.71953618599602,
            500
          ],
          [
            106.81116692418254,
            29.719527139497014,
            500
          ],
          [
            106.81116692418254,
            29.71951809299801,
            500
          ],
          [
            106.81116692418254,
            29.719509046499006,
            500
          ],
          [
            106.81116692418254,
            29.7195,
            500
          ],
          [
            106.81116692418254,
            29.719490953500994,
            500
          ],
          [
            106.81116692418254,
            29.71948190700199,
            500
          ],
          [
            106.81116692418254,
            29.719472860502986,
            500
          ],
          [
            106.81116692418254,
            29.71946381400398,
            500
          ],
          [
            106.81116692418254,
            29.719454767504974,
            500
          ],
          [
            106.81116692418254,
            29.71944572100597,
            500
          ],
          [
            106.81116692418254,
            29.719436674506966,
            500
          ],
          [
            106.81116692418254,
            29.71942762800796,
            500
          ],
          [
            106.81116692418254,
            29.719418581508958,
            500
          ],
          [
            106.81116692418254,
            29.71940953500995,
            500
          ],
          [
            106.81116692418254,
            29.719400488510946,
            500
          ],
          [
            106.81116692418254,
            29.71939144201194,
            500
          ],
          [
            106.81116692418254,
            29.719382395512937,
            500
          ],
          [
            106.81116692418254,
            29.71937334901393,
            500
          ],
          [
            106.81116692418254,
            29.719364302514926,
            500
          ],
          [
            106.81116692418254,
            29.719355256015923,
            500
          ],
          [
            106.81116692418254,
            29.719346209516917,
            500
          ],
          [
            106.81116692418254,
            29.71933716301791,
            500
          ],
          [
            106.81116692418254,
            29.719328116518906,
            500
          ],
          [
            106.81116692418254,
            29.719319070019903,
            500
          ],
          [
            106.81116692418254,
            29.719310023520897,
            500
          ],
          [
            106.81116692418254,
            29.71930097702189,
            500
          ],
          [
            106.81116692418254,
            29.71929193052289,
            500
          ],
          [
            106.81116692418254,
            29.719282884023883,
            500
          ],
          [
            106.81116692418254,
            29.719273837524877,
            500
          ],
          [
            106.81116692418254,
            29.71926479102587,
            500
          ],
          [
            106.81116692418254,
            29.71925574452687,
            500
          ],
          [
            106.81116692418254,
            29.719246698027863,
            500
          ],
          [
            106.81116692418254,
            29.719237651528857,
            500
          ],
          [
            106.81116692418254,
            29.719228605029855,
            500
          ],
          [
            106.81116692418254,
            29.71921955853085,
            500
          ],
          [
            106.81116692418254,
            29.719210512031843,
            500
          ],
          [
            106.81116692418254,
            29.719201465532837,
            500
          ],
          [
            106.81116692418254,
            29.719192419033835,
            500
          ],
          [
            106.81116692418254,
            29.71918337253483,
            500
          ],
          [
            106.81116692418254,
            29.719174326035823,
            500
          ],
          [
            106.81116692418254,
            29.71916527953682,
            500
          ],
          [
            106.81116692418254,
            29.719156233037815,
            500
          ],
          [
            106.81116692418254,
            29.71914718653881,
            500
          ],
          [
            106.81116692418254,
            29.719138140039803,
            500
          ],
          [
            106.81116692418254,
            29.7191290935408,
            500
          ],
          [
            106.81116692418254,
            29.719120047041795,
            500
          ],
          [
            106.81116692418254,
            29.71911100054279,
            500
          ],
          [
            106.81116692418254,
            29.719101954043786,
            500
          ],
          [
            106.81116692418254,
            29.71909290754478,
            500
          ],
          [
            106.81116692418254,
            29.719083861045775,
            500
          ],
          [
            106.81116692418254,
            29.71907481454677,
            500
          ],
          [
            106.81116692418254,
            29.719065768047766,
            500
          ],
          [
            106.81116692418254,
            29.71905672154876,
            500
          ],
          [
            106.81116692418254,
            29.719047675049755,
            500
          ],
          [
            106.81116692418254,
            29.719038628550752,
            500
          ],
          [
            106.81116692418254,
            29.719029582051746,
            500
          ],
          [
            106.81116692418254,
            29.71902053555274,
            500
          ],
          [
            106.81116692418254,
            29.719011489053734,
            500
          ],
          [
            106.81116692418254,
            29.719002442554732,
            500
          ],
          [
            106.81116692418254,
            29.718993396055726,
            500
          ],
          [
            106.81116692418254,
            29.71898434955672,
            500
          ],
          [
            106.81116692418254,
            29.718975303057718,
            500
          ],
          [
            106.81116692418254,
            29.718966256558712,
            500
          ],
          [
            106.81116692418254,
            29.718957210059706,
            500
          ],
          [
            106.81116692418254,
            29.718948163560704,
            500
          ],
          [
            106.81116692418254,
            29.718939117061698,
            500
          ],
          [
            106.81116692418254,
            29.718930070562692,
            500
          ],
          [
            106.81116692418254,
            29.718921024063686,
            500
          ],
          [
            106.81116692418254,
            29.718911977564684,
            500
          ],
          [
            106.81116692418254,
            29.718902931065678,
            500
          ],
          [
            106.81116692418254,
            29.718893884566672,
            500
          ],
          [
            106.81116692418254,
            29.71888483806767,
            500
          ],
          [
            106.81116692418254,
            29.718875791568664,
            500
          ],
          [
            106.81116692418254,
            29.718866745069658,
            500
          ],
          [
            106.81116692418254,
            29.718857698570652,
            500
          ],
          [
            106.81116692418254,
            29.71884865207165,
            500
          ],
          [
            106.81116692418254,
            29.718839605572644,
            500
          ],
          [
            106.81116692418254,
            29.718830559073638,
            500
          ],
          [
            106.81116692418254,
            29.718821512574635,
            500
          ],
          [
            106.81116692418254,
            29.71881246607563,
            500
          ],
          [
            106.81116692418254,
            29.718803419576624,
            500
          ],
          [
            106.81116692418254,
            29.718794373077618,
            500
          ],
          [
            106.81116692418254,
            29.718785326578615,
            500
          ],
          [
            106.81116692418254,
            29.71877628007961,
            500
          ],
          [
            106.81116692418254,
            29.718767233580603,
            500
          ],
          [
            106.81116692418254,
            29.7187581870816,
            500
          ],
          [
            106.81116692418254,
            29.718749140582595,
            500
          ],
          [
            106.81116692418254,
            29.71874009408359,
            500
          ],
          [
            106.81116692418254,
            29.718731047584583,
            500
          ],
          [
            106.81116692418254,
            29.71872200108558,
            500
          ],
          [
            106.81116692418254,
            29.718712954586575,
            500
          ],
          [
            106.81116692418254,
            29.71870390808757,
            500
          ],
          [
            106.81116692418254,
            29.718694861588567,
            500
          ],
          [
            106.81116692418254,
            29.71868581508956,
            500
          ],
          [
            106.81116692418254,
            29.718676768590555,
            500
          ],
          [
            106.81116692418254,
            29.71866772209155,
            500
          ],
          [
            106.81116692418254,
            29.718658675592547,
            500
          ],
          [
            106.81116692418254,
            29.71864962909354,
            500
          ],
          [
            106.81116692418254,
            29.718640582594535,
            500
          ],
          [
            106.81116692418254,
            29.718631536095533,
            500
          ],
          [
            106.81116692418254,
            29.718622489596527,
            500
          ],
          [
            106.81116692418254,
            29.71861344309752,
            500
          ],
          [
            106.81116692418254,
            29.718604396598515,
            500
          ],
          [
            106.81116692418254,
            29.718595350099513,
            500
          ],
          [
            106.81116692418254,
            29.718586303600507,
            500
          ],
          [
            106.81116692418254,
            29.7185772571015,
            500
          ],
          [
            106.81116692418254,
            29.7185682106025,
            500
          ],
          [
            106.81116692418254,
            29.718559164103493,
            500
          ],
          [
            106.81116692418254,
            29.718550117604487,
            500
          ],
          [
            106.81116692418254,
            29.71854107110548,
            500
          ],
          [
            106.81116692418254,
            29.71853202460648,
            500
          ],
          [
            106.81116692418254,
            29.718522978107472,
            500
          ],
          [
            106.81116692418254,
            29.718513931608467,
            500
          ],
          [
            106.81116692418254,
            29.718504885109464,
            500
          ],
          [
            106.81116692418254,
            29.71849583861046,
            500
          ],
          [
            106.81116692418254,
            29.718486792111452,
            500
          ],
          [
            106.81116692418254,
            29.718477745612446,
            500
          ],
          [
            106.81116692418254,
            29.718468699113444,
            500
          ],
          [
            106.81116692418254,
            29.71845965261444,
            500
          ],
          [
            106.81116692418254,
            29.718450606115432,
            500
          ],
          [
            106.81116692418254,
            29.71844155961643,
            500
          ],
          [
            106.81116692418254,
            29.718432513117424,
            500
          ],
          [
            106.81116692418254,
            29.718423466618418,
            500
          ],
          [
            106.81116692418254,
            29.718414420119412,
            500
          ],
          [
            106.81116692418254,
            29.71840537362041,
            500
          ],
          [
            106.81116692418254,
            29.718396327121404,
            500
          ],
          [
            106.81116692418254,
            29.718387280622398,
            500
          ],
          [
            106.81116692418254,
            29.718378234123396,
            500
          ],
          [
            106.81116692418254,
            29.71836918762439,
            500
          ],
          [
            106.81116692418254,
            29.718360141125384,
            500
          ],
          [
            106.81116692418254,
            29.718351094626378,
            500
          ],
          [
            106.81116692418254,
            29.718342048127376,
            500
          ],
          [
            106.81116692418254,
            29.71833300162837,
            500
          ],
          [
            106.81116692418254,
            29.718323955129364,
            500
          ],
          [
            106.81116692418254,
            29.71831490863036,
            500
          ],
          [
            106.81116692418254,
            29.718305862131356,
            500
          ],
          [
            106.81116692418254,
            29.71829681563235,
            500
          ],
          [
            106.81116692418254,
            29.718287769133344,
            500
          ],
          [
            106.81116692418254,
            29.71827872263434,
            500
          ],
          [
            106.81116692418254,
            29.718269676135336,
            500
          ],
          [
            106.81116692418254,
            29.71826062963633,
            500
          ],
          [
            106.81116692418254,
            29.718251583137327,
            500
          ],
          [
            106.81116692418254,
            29.71824253663832,
            500
          ],
          [
            106.81116692418254,
            29.718233490139315,
            500
          ],
          [
            106.81116692418254,
            29.71822444364031,
            500
          ],
          [
            106.81116692418254,
            29.718215397141307,
            500
          ],
          [
            106.81116692418254,
            29.7182063506423,
            500
          ],
          [
            106.81116692418254,
            29.718197304143295,
            500
          ],
          [
            106.81116692418254,
            29.718188257644293,
            500
          ],
          [
            106.81116692418254,
            29.718179211145287,
            500
          ],
          [
            106.81116692418254,
            29.71817016464628,
            500
          ],
          [
            106.81116692418254,
            29.718161118147275,
            500
          ],
          [
            106.81116692418254,
            29.718152071648273,
            500
          ],
          [
            106.81116692418254,
            29.718143025149267,
            500
          ],
          [
            106.81116692418254,
            29.71813397865026,
            500
          ],
          [
            106.81116692418254,
            29.71812493215126,
            500
          ],
          [
            106.81116692418254,
            29.718115885652253,
            500
          ],
          [
            106.81116692418254,
            29.718106839153247,
            500
          ],
          [
            106.81116692418254,
            29.71809779265424,
            500
          ],
          [
            106.81116692418254,
            29.71808874615524,
            500
          ],
          [
            106.81116692418254,
            29.718079699656233,
            500
          ],
          [
            106.81116692418254,
            29.718070653157227,
            500
          ],
          [
            106.81116692418254,
            29.718061606658225,
            500
          ],
          [
            106.81116692418254,
            29.71805256015922,
            500
          ],
          [
            106.81116692418254,
            29.718043513660213,
            500
          ],
          [
            106.81116692418254,
            29.718034467161207,
            500
          ],
          [
            106.81116692418254,
            29.718025420662205,
            500
          ],
          [
            106.81116692418254,
            29.7180163741632,
            500
          ],
          [
            106.81116692418254,
            29.718007327664193,
            500
          ],
          [
            106.81116692418254,
            29.71799828116519,
            500
          ],
          [
            106.81116692418254,
            29.717989234666184,
            500
          ],
          [
            106.81116692418254,
            29.71798018816718,
            500
          ],
          [
            106.81116692418254,
            29.717971141668176,
            500
          ],
          [
            106.81116692418254,
            29.71796209516917,
            500
          ],
          [
            106.81116692418254,
            29.717953048670164,
            500
          ],
          [
            106.81116692418254,
            29.71794400217116,
            500
          ],
          [
            106.81116692418254,
            29.717934955672156,
            500
          ],
          [
            106.81116692418254,
            29.71792590917315,
            500
          ],
          [
            106.81116692418254,
            29.717916862674144,
            500
          ],
          [
            106.81116692418254,
            29.717907816175142,
            500
          ],
          [
            106.81116692418254,
            29.717898769676136,
            500
          ],
          [
            106.81116692418254,
            29.71788972317713,
            500
          ],
          [
            106.81116692418254,
            29.717880676678124,
            500
          ],
          [
            106.81116692418254,
            29.717871630179122,
            500
          ],
          [
            106.81116692418254,
            29.717862583680116,
            500
          ],
          [
            106.81116692418254,
            29.71785353718111,
            500
          ],
          [
            106.81116692418254,
            29.717844490682108,
            500
          ],
          [
            106.81116692418254,
            29.717835444183102,
            500
          ],
          [
            106.81116692418254,
            29.717826397684096,
            500
          ],
          [
            106.81116692418254,
            29.71781735118509,
            500
          ],
          [
            106.81116692418254,
            29.717808304686088,
            500
          ],
          [
            106.81116692418254,
            29.717799258187082,
            500
          ],
          [
            106.81116692418254,
            29.717790211688076,
            500
          ],
          [
            106.81116692418254,
            29.717781165189074,
            500
          ]
        ]
      },
      "properties": {
        "roadKey": "road_bebce884c88a9a7ca349fa14960f08a8551f2c9fbe1ecefb92fa0985a046a7bc",
        "sourceRoadId": "31",
        "sourceRoadName": "Road 31",
        "sourceRoadGuid": null,
        "sourceFeatureReferenceKey": "wrf_54e2669656d631a76a4bd6631b81395d",
        "sourceFeatureVersion": "od-25436596d91f4c55",
        "physicalRoadGroupKey": "prg_3d15d00cfa943cdf4ee1d57a354c0b76092c78d210a2019566d0268f10819e67",
        "roadClass": "XODR_TOWN",
        "widthM": 10,
        "widthSource": "XODR_DERIVED_UNVERIFIED",
        "surfaceMaterial": "UNKNOWN",
        "surfaceSource": "MISSING_IN_XODR",
        "oneWay": false,
        "serviceEligible": true,
        "speedMps": 17.8816,
        "speedSource": "XODR_UNIFORM_SOURCE",
        "sourceFormat": "XODR",
        "sourceArtifactHash": "sha256:f9119c2fa0c73093c2c2d15d262ede56fbcefd3de091f652523559aca13d3481",
        "conditionClass": "UNKNOWN"
      }
    },
    {
      "type": "Feature",
      "id": "road_cd788c2daa06ca95d834360c18b41ed064b2f4b533a16cfbd37d224f6ba12557",
      "geometry": {
        "type": "LineString",
        "coordinates": [
          [
            106.81512573698403,
            29.720538381431297,
            500
          ],
          [
            106.81513466543119,
            29.72053828655234,
            500
          ],
          [
            106.81514359387833,
            29.720538191673388,
            500
          ],
          [
            106.81515252232549,
            29.720538096794435,
            500
          ],
          [
            106.81516145077264,
            29.72053800191548,
            500
          ],
          [
            106.8151703792198,
            29.720537907036526,
            500
          ],
          [
            106.81517930766694,
            29.72053781215757,
            500
          ],
          [
            106.8151882361141,
            29.720537717278617,
            500
          ],
          [
            106.81519716456124,
            29.72053762239966,
            500
          ],
          [
            106.8152060930084,
            29.720537527520708,
            500
          ],
          [
            106.81521502145556,
            29.720537432641752,
            500
          ],
          [
            106.8152239499027,
            29.7205373377628,
            500
          ],
          [
            106.81523287834986,
            29.720537242883847,
            500
          ],
          [
            106.815241806797,
            29.72053714800489,
            500
          ],
          [
            106.81525073524416,
            29.720537053125938,
            500
          ],
          [
            106.81525966369131,
            29.72053695824698,
            500
          ],
          [
            106.81526859213847,
            29.72053686336803,
            500
          ],
          [
            106.81527752058561,
            29.720536768489072,
            500
          ],
          [
            106.81528644903277,
            29.72053667361012,
            500
          ],
          [
            106.81529537747991,
            29.720536578731164,
            500
          ],
          [
            106.81530430592707,
            29.72053648385221,
            500
          ],
          [
            106.81531323437422,
            29.720536388973255,
            500
          ],
          [
            106.81532216282137,
            29.720536294094302,
            500
          ],
          [
            106.81533109126853,
            29.72053619921535,
            500
          ],
          [
            106.81534001971568,
            29.720536104336393,
            500
          ],
          [
            106.81534894816284,
            29.72053600945744,
            500
          ],
          [
            106.81535787660998,
            29.720535914578484,
            500
          ],
          [
            106.81536680505714,
            29.72053581969953,
            500
          ],
          [
            106.81537573350428,
            29.720535724820575,
            500
          ],
          [
            106.81538466195144,
            29.720535629941622,
            500
          ],
          [
            106.81539359039859,
            29.720535535062666,
            500
          ],
          [
            106.81540251884574,
            29.720535440183713,
            500
          ],
          [
            106.81541144729289,
            29.72053534530476,
            500
          ],
          [
            106.81542037574005,
            29.720535250425804,
            500
          ],
          [
            106.81542930418719,
            29.72053515554685,
            500
          ],
          [
            106.81543823263435,
            29.720535060667896,
            500
          ],
          [
            106.81544716108151,
            29.720534965788943,
            500
          ],
          [
            106.81545608952865,
            29.720534870909987,
            500
          ],
          [
            106.81546501797581,
            29.720534776031034,
            500
          ],
          [
            106.81547394642296,
            29.720534681152078,
            500
          ],
          [
            106.81548287487011,
            29.720534586273125,
            500
          ],
          [
            106.81549180331726,
            29.720534491394172,
            500
          ],
          [
            106.81550073176442,
            29.720534396515216,
            500
          ],
          [
            106.81550966021156,
            29.720534301636263,
            500
          ],
          [
            106.81551858865872,
            29.720534206757307,
            500
          ],
          [
            106.81552751710586,
            29.720534111878354,
            500
          ],
          [
            106.81553644555302,
            29.720534016999398,
            500
          ],
          [
            106.81554537400018,
            29.720533922120445,
            500
          ],
          [
            106.81555430244732,
            29.72053382724149,
            500
          ],
          [
            106.81556323089448,
            29.720533732362536,
            500
          ],
          [
            106.81557215934163,
            29.72053363748358,
            500
          ],
          [
            106.81558108778879,
            29.720533542604628,
            500
          ],
          [
            106.81559001623593,
            29.720533447725675,
            500
          ],
          [
            106.81559894468309,
            29.72053335284672,
            500
          ],
          [
            106.81560787313023,
            29.720533257967766,
            500
          ],
          [
            106.81561680157739,
            29.72053316308881,
            500
          ],
          [
            106.81562573002454,
            29.720533068209857,
            500
          ],
          [
            106.8156346584717,
            29.7205329733309,
            500
          ],
          [
            106.81564358691884,
            29.720532878451948,
            500
          ],
          [
            106.815652515366,
            29.72053278357299,
            500
          ],
          [
            106.81566144381316,
            29.72053268869404,
            500
          ],
          [
            106.8156703722603,
            29.720532593815086,
            500
          ],
          [
            106.81567930070746,
            29.72053249893613,
            500
          ],
          [
            106.8156882291546,
            29.720532404057177,
            500
          ],
          [
            106.81569715760176,
            29.72053230917822,
            500
          ],
          [
            106.8157060860489,
            29.72053221429927,
            500
          ],
          [
            106.81571501449606,
            29.720532119420312,
            500
          ],
          [
            106.81572394294321,
            29.72053202454136,
            500
          ],
          [
            106.81573287139037,
            29.720531929662403,
            500
          ],
          [
            106.81574179983751,
            29.72053183478345,
            500
          ],
          [
            106.81575072828467,
            29.720531739904494,
            500
          ],
          [
            106.81575965673181,
            29.72053164502554,
            500
          ],
          [
            106.81576858517897,
            29.72053155014659,
            500
          ],
          [
            106.81577751362613,
            29.720531455267633,
            500
          ],
          [
            106.81578644207327,
            29.72053136038868,
            500
          ],
          [
            106.81579537052043,
            29.720531265509724,
            500
          ],
          [
            106.81580429896758,
            29.72053117063077,
            500
          ],
          [
            106.81581322741474,
            29.720531075751815,
            500
          ],
          [
            106.81582215586188,
            29.720530980872862,
            500
          ],
          [
            106.81583108430904,
            29.720530885993906,
            500
          ],
          [
            106.81584001275618,
            29.720530791114953,
            500
          ],
          [
            106.81584894120334,
            29.720530696236,
            500
          ],
          [
            106.81585786965049,
            29.720530601357044,
            500
          ],
          [
            106.81586679809764,
            29.72053050647809,
            500
          ],
          [
            106.8158757265448,
            29.720530411599135,
            500
          ],
          [
            106.81588465499195,
            29.720530316720183,
            500
          ],
          [
            106.8158935834391,
            29.720530221841226,
            500
          ],
          [
            106.81590251188625,
            29.720530126962274,
            500
          ],
          [
            106.81591144033341,
            29.720530032083317,
            500
          ],
          [
            106.81592036878055,
            29.720529937204365,
            500
          ],
          [
            106.81592929722771,
            29.720529842325412,
            500
          ],
          [
            106.81593822567486,
            29.720529747446456,
            500
          ],
          [
            106.81594715412201,
            29.720529652567503,
            500
          ],
          [
            106.81595608256916,
            29.720529557688547,
            500
          ],
          [
            106.81596501101632,
            29.720529462809594,
            500
          ],
          [
            106.81597393946346,
            29.720529367930638,
            500
          ],
          [
            106.81598286791062,
            29.720529273051685,
            500
          ],
          [
            106.81599179635778,
            29.72052917817273,
            500
          ],
          [
            106.81600072480492,
            29.720529083293776,
            500
          ],
          [
            106.81600965325208,
            29.72052898841482,
            500
          ],
          [
            106.81601858169923,
            29.720528893535867,
            500
          ],
          [
            106.81602751014638,
            29.720528798656915,
            500
          ],
          [
            106.81603643859353,
            29.72052870377796,
            500
          ],
          [
            106.81604536704069,
            29.720528608899006,
            500
          ],
          [
            106.81605429548783,
            29.72052851402005,
            500
          ],
          [
            106.81606322393499,
            29.720528419141097,
            500
          ],
          [
            106.81607215238213,
            29.72052832426214,
            500
          ],
          [
            106.81608108082929,
            29.720528229383188,
            500
          ],
          [
            106.81609000927645,
            29.72052813450423,
            500
          ],
          [
            106.8160989377236,
            29.72052803962528,
            500
          ],
          [
            106.81610786617075,
            29.720527944746326,
            500
          ],
          [
            106.8161167946179,
            29.72052784986737,
            500
          ],
          [
            106.81612572306506,
            29.720527754988417,
            500
          ],
          [
            106.8161346515122,
            29.72052766010946,
            500
          ],
          [
            106.81614357995936,
            29.72052756523051,
            500
          ],
          [
            106.8161525084065,
            29.720527470351552,
            500
          ],
          [
            106.81616143685366,
            29.7205273754726,
            500
          ],
          [
            106.8161703653008,
            29.720527280593643,
            500
          ],
          [
            106.81617929374796,
            29.72052718571469,
            500
          ],
          [
            106.81618822219511,
            29.720527090835738,
            500
          ],
          [
            106.81619715064227,
            29.72052699595678,
            500
          ],
          [
            106.81620607908943,
            29.72052690107783,
            500
          ],
          [
            106.81621500753657,
            29.720526806198873,
            500
          ],
          [
            106.81622393598373,
            29.72052671131992,
            500
          ],
          [
            106.81623286443087,
            29.720526616440964,
            500
          ],
          [
            106.81624179287803,
            29.72052652156201,
            500
          ],
          [
            106.81625072132518,
            29.720526426683055,
            500
          ],
          [
            106.81625964977233,
            29.720526331804102,
            500
          ],
          [
            106.81626857821948,
            29.720526236925146,
            500
          ],
          [
            106.81627750666664,
            29.720526142046193,
            500
          ],
          [
            106.81628643511378,
            29.72052604716724,
            500
          ],
          [
            106.81629536356094,
            29.720525952288284,
            500
          ],
          [
            106.81630429200808,
            29.72052585740933,
            500
          ],
          [
            106.81631322045524,
            29.720525762530375,
            500
          ],
          [
            106.8163221489024,
            29.720525667651422,
            500
          ],
          [
            106.81633098938681,
            29.720525573326313,
            500
          ],
          [
            106.81633982984685,
            29.72052547671607,
            500
          ],
          [
            106.81634867025637,
            29.720525375535576,
            500
          ],
          [
            106.81635751058577,
            29.72052526749976,
            500
          ],
          [
            106.81636635080017,
            29.720525150323613,
            500
          ],
          [
            106.81637519085771,
            29.72052502172223,
            500
          ],
          [
            106.81638403070782,
            29.720524879410842,
            500
          ],
          [
            106.81639287028943,
            29.720524721104884,
            500
          ],
          [
            106.81640170952922,
            29.72052454452004,
            500
          ],
          [
            106.81641054833992,
            29.72052434737235,
            500
          ],
          [
            106.81641938661855,
            29.720524127378294,
            500
          ],
          [
            106.81642822424462,
            29.720523882254916,
            500
          ],
          [
            106.81643706107847,
            29.720523609719976,
            500
          ],
          [
            106.81644589695951,
            29.7205233074921,
            500
          ],
          [
            106.81645473170437,
            29.720522973291,
            500
          ],
          [
            106.81646356510534,
            29.720522604837676,
            500
          ],
          [
            106.81647239692849,
            29.720522199854685,
            500
          ],
          [
            106.81648122691199,
            29.72052175606643,
            500
          ],
          [
            106.81649005476439,
            29.72052127119948,
            500
          ],
          [
            106.81649888016287,
            29.72052074298294,
            500
          ],
          [
            106.81650770275151,
            29.720520169148855,
            500
          ],
          [
            106.81651652213958,
            29.720519547432655,
            500
          ],
          [
            106.81652533789988,
            29.72051887557365,
            500
          ],
          [
            106.81653414956693,
            29.720518151315563,
            500
          ],
          [
            106.81654295663535,
            29.720517372407127,
            500
          ],
          [
            106.81655175855815,
            29.720516536602723,
            500
          ],
          [
            106.81656055474505,
            29.72051564166307,
            500
          ],
          [
            106.8165693445608,
            29.720514685355976,
            500
          ],
          [
            106.81657812732355,
            29.72051366545714,
            500
          ],
          [
            106.81658690230317,
            29.720512579751023,
            500
          ],
          [
            106.81659566871967,
            29.72051142603178,
            500
          ],
          [
            106.81660442574156,
            29.720510202104244,
            500
          ],
          [
            106.81661317248424,
            29.720508905784982,
            500
          ],
          [
            106.81662190800849,
            29.72050753490343,
            500
          ],
          [
            106.81663063131884,
            29.72050608730308,
            500
          ],
          [
            106.81663934136216,
            29.720504560842745,
            500
          ],
          [
            106.81664803702601,
            29.720502953397897,
            500
          ],
          [
            106.81665671713733,
            29.720501262862086,
            500
          ],
          [
            106.81666545712712,
            29.720499471430752,
            500
          ],
          [
            106.81667417918997,
            29.720497593479685,
            500
          ],
          [
            106.81668288248143,
            29.72049562919072,
            500
          ],
          [
            106.8166915661588,
            29.720493578754038,
            500
          ],
          [
            106.81670022938128,
            29.720491442368175,
            500
          ],
          [
            106.81670887131008,
            29.720489220239987,
            500
          ],
          [
            106.81671749110845,
            29.720486912584626,
            500
          ],
          [
            106.81672608794179,
            29.720484519625526,
            500
          ],
          [
            106.81673466097772,
            29.72048204159438,
            500
          ],
          [
            106.81674320938616,
            29.72047947873113,
            500
          ],
          [
            106.81675173233944,
            29.72047683128391,
            500
          ],
          [
            106.81676022901232,
            29.720474099509065,
            500
          ],
          [
            106.81676869858214,
            29.72047128367109,
            500
          ],
          [
            106.81677714022881,
            29.720468384042626,
            500
          ],
          [
            106.81678555313502,
            29.720465400904427,
            500
          ],
          [
            106.81679393648616,
            29.720462334545335,
            500
          ],
          [
            106.81680228947056,
            29.72045918526224,
            500
          ],
          [
            106.81681061127944,
            29.720455953360066,
            500
          ],
          [
            106.81681890110704,
            29.720452639151745,
            500
          ],
          [
            106.81682715815072,
            29.720449242958168,
            500
          ],
          [
            106.816835381611,
            29.720445765108163,
            500
          ],
          [
            106.81684357069165,
            29.720442205938475,
            500
          ],
          [
            106.81685172459977,
            29.720438565793714,
            500
          ],
          [
            106.81685984254588,
            29.72043484502633,
            500
          ],
          [
            106.81686792374396,
            29.72043104399658,
            500
          ],
          [
            106.81687596741156,
            29.720427163072497,
            500
          ],
          [
            106.81688397276987,
            29.72042320262985,
            500
          ],
          [
            106.81689193904378,
            29.720419163052096,
            500
          ],
          [
            106.81689986546196,
            29.720415044730366,
            500
          ],
          [
            106.81690775125695,
            29.720410848063413,
            500
          ],
          [
            106.81691559566521,
            29.720406573457574,
            500
          ],
          [
            106.81692339792721,
            29.720402221326726,
            500
          ],
          [
            106.81693115728754,
            29.720397792092264,
            500
          ],
          [
            106.81693887299487,
            29.72039328618304,
            500
          ],
          [
            106.81694654430216,
            29.720388704035337,
            500
          ],
          [
            106.81695417046663,
            29.72038404609281,
            500
          ],
          [
            106.8169617507499,
            29.720379312806465,
            500
          ],
          [
            106.816969284418,
            29.72037450463459,
            500
          ],
          [
            106.81697677074152,
            29.720369622042735,
            500
          ],
          [
            106.81698420899558,
            29.720364665503645,
            500
          ],
          [
            106.81699159846,
            29.72035963549724,
            500
          ],
          [
            106.8169989384193,
            29.72035453251053,
            500
          ],
          [
            106.81700622816278,
            29.72034935703762,
            500
          ],
          [
            106.81701346698465,
            29.720344109579607,
            500
          ],
          [
            106.817020654184,
            29.720338790644576,
            500
          ],
          [
            106.81702778906495,
            29.72033340074752,
            500
          ],
          [
            106.81703487093667,
            29.720327940410318,
            500
          ],
          [
            106.81704189911345,
            29.720322410161653,
            500
          ],
          [
            106.81704887291482,
            29.720316810536985,
            500
          ],
          [
            106.81705579166554,
            29.720311142078494,
            500
          ],
          [
            106.8170626546957,
            29.72030540533502,
            500
          ],
          [
            106.81706946134084,
            29.72029960086201,
            500
          ],
          [
            106.81707621094185,
            29.72029372922148,
            500
          ],
          [
            106.81708290284526,
            29.720287790981946,
            500
          ],
          [
            106.81708953640312,
            29.720281786718367,
            500
          ],
          [
            106.81709611097313,
            29.7202757170121,
            500
          ],
          [
            106.81710262591872,
            29.720269582450833,
            500
          ],
          [
            106.81710908060911,
            29.72026338362854,
            500
          ],
          [
            106.81711547441932,
            29.720257121145416,
            500
          ],
          [
            106.81712180673027,
            29.720250795607814,
            500
          ],
          [
            106.81712807692885,
            29.720244407628197,
            500
          ],
          [
            106.81713428440796,
            29.720237957825073,
            500
          ],
          [
            106.81714042856655,
            29.720231446822936,
            500
          ],
          [
            106.81714650880974,
            29.720224875252207,
            500
          ],
          [
            106.81715252454882,
            29.72021824374917,
            500
          ],
          [
            106.8171584752013,
            29.720211552955906,
            500
          ],
          [
            106.81716436019104,
            29.72020480352025,
            500
          ],
          [
            106.81717017894822,
            29.720197996095703,
            500
          ],
          [
            106.81717593090946,
            29.720191131341387,
            500
          ],
          [
            106.81718161551781,
            29.72018420992197,
            500
          ],
          [
            106.81718723222288,
            29.720177232507616,
            500
          ],
          [
            106.81719278048085,
            29.7201701997739,
            500
          ],
          [
            106.81719825975449,
            29.720163112401753,
            500
          ],
          [
            106.8172036695133,
            29.72015597107741,
            500
          ],
          [
            106.8172090092335,
            29.720148776492312,
            500
          ],
          [
            106.81721427839803,
            29.720141529343074,
            500
          ],
          [
            106.81721947649675,
            29.720134230331382,
            500
          ],
          [
            106.81722460302635,
            29.720126880163964,
            500
          ],
          [
            106.81722965749046,
            29.72011947955248,
            500
          ],
          [
            106.81723463939967,
            29.720112029213492,
            500
          ],
          [
            106.81723954827164,
            29.72010452986837,
            500
          ],
          [
            106.81724438363108,
            29.720096982243223,
            500
          ],
          [
            106.81724914500978,
            29.720089387068843,
            500
          ],
          [
            106.81725383194674,
            29.720081745080623,
            500
          ],
          [
            106.81725844398817,
            29.72007405701849,
            500
          ],
          [
            106.81726298068749,
            29.72006632362683,
            500
          ],
          [
            106.81726744160547,
            29.720058545654418,
            500
          ],
          [
            106.81727182631015,
            29.720050723854342,
            500
          ],
          [
            106.817276134377,
            29.72004285898395,
            500
          ],
          [
            106.81728036538891,
            29.720034951804735,
            500
          ],
          [
            106.81728451893622,
            29.720027003082304,
            500
          ],
          [
            106.81728859461674,
            29.72001901358628,
            500
          ],
          [
            106.81729259203588,
            29.720010984090244,
            500
          ],
          [
            106.81729651080657,
            29.720002915371634,
            500
          ],
          [
            106.8173003505494,
            29.719994808211695,
            500
          ],
          [
            106.81730411089258,
            29.71998666339539,
            500
          ],
          [
            106.81730779147202,
            29.719978481711337,
            500
          ],
          [
            106.81731139193136,
            29.71997026395171,
            500
          ],
          [
            106.81731491192197,
            29.719962010912184,
            500
          ],
          [
            106.81731835110305,
            29.719953723391853,
            500
          ],
          [
            106.81732170914161,
            29.719945402193144,
            500
          ],
          [
            106.8173249857125,
            29.719937048121746,
            500
          ],
          [
            106.81732818049848,
            29.71992866198653,
            500
          ],
          [
            106.81733129319021,
            29.719920244599475,
            500
          ],
          [
            106.8173343234863,
            29.71991179677558,
            500
          ],
          [
            106.81733727109336,
            29.7199033193328,
            500
          ],
          [
            106.817340135726,
            29.719894813091948,
            500
          ],
          [
            106.81734291710683,
            29.719886278876633,
            500
          ],
          [
            106.81734561496657,
            29.719877717513164,
            500
          ],
          [
            106.81734822904399,
            29.719869129830492,
            500
          ],
          [
            106.81735075908598,
            29.719860516660102,
            500
          ],
          [
            106.81735320484759,
            29.719851878835957,
            500
          ],
          [
            106.817355566092,
            29.719843217194402,
            500
          ],
          [
            106.81735779629692,
            29.719834714156494,
            500
          ],
          [
            106.81735994717076,
            29.719826190415425,
            500
          ],
          [
            106.81736202064874,
            29.71981764724453,
            500
          ],
          [
            106.81736401868709,
            29.719809085860213,
            500
          ],
          [
            106.8173659432615,
            29.719800507423237,
            500
          ],
          [
            106.81736779636597,
            29.719791913040055,
            500
          ],
          [
            106.81736958001133,
            29.719783303764164,
            500
          ],
          [
            106.81737129622417,
            29.719774680597492,
            500
          ],
          [
            106.81737294704564,
            29.719766044491813,
            500
          ],
          [
            106.81737453453034,
            29.719757396350182,
            500
          ],
          [
            106.81737606074533,
            29.719748737028382,
            500
          ],
          [
            106.81737752776912,
            29.719740067336417,
            500
          ],
          [
            106.81737893769076,
            29.719731388039982,
            500
          ],
          [
            106.81738029260897,
            29.719722699862007,
            500
          ],
          [
            106.81738159463139,
            29.719714003484153,
            500
          ],
          [
            106.81738284587371,
            29.71970529954838,
            500
          ],
          [
            106.81738404845905,
            29.719696588658476,
            500
          ],
          [
            106.81738520451727,
            29.719687871381645,
            500
          ],
          [
            106.81738631618431,
            29.719679148250066,
            500
          ],
          [
            106.81738738560169,
            29.719670419762487,
            500
          ],
          [
            106.81738841491592,
            29.719661686385816,
            500
          ],
          [
            106.81738940627804,
            29.71965294855672,
            500
          ],
          [
            106.81739036184308,
            29.719644206683242,
            500
          ],
          [
            106.81739128376977,
            29.719635461146403,
            500
          ]
        ]
      },
      "properties": {
        "roadKey": "road_cd788c2daa06ca95d834360c18b41ed064b2f4b533a16cfbd37d224f6ba12557",
        "sourceRoadId": "38",
        "sourceRoadName": "Road 38",
        "sourceRoadGuid": null,
        "sourceFeatureReferenceKey": "wrf_25b3a0a4047b37f6d70626f5c9eb295e",
        "sourceFeatureVersion": "od-599acc48dfa104eb",
        "physicalRoadGroupKey": "prg_c7e16912ab90109b25da09ae55f4bda67cce0508ce05556a2950b094bd5def50",
        "roadClass": "XODR_TOWN",
        "widthM": 16,
        "widthSource": "XODR_DERIVED_UNVERIFIED",
        "surfaceMaterial": "UNKNOWN",
        "surfaceSource": "MISSING_IN_XODR",
        "oneWay": false,
        "serviceEligible": true,
        "speedMps": 17.8816,
        "speedSource": "XODR_UNIFORM_SOURCE",
        "sourceFormat": "XODR",
        "sourceArtifactHash": "sha256:f9119c2fa0c73093c2c2d15d262ede56fbcefd3de091f652523559aca13d3481",
        "conditionClass": "UNKNOWN"
      }
    },
    {
      "type": "Feature",
      "id": "road_db41c14f62c47c0a358383082a5303a17b0867fb9faf21b61c0ae8c5f6d48c52",
      "geometry": {
        "type": "LineString",
        "coordinates": [
          [
            106.81844324469998,
            29.72130929980098,
            500
          ],
          [
            106.81844950810175,
            29.721309270293858,
            500
          ],
          [
            106.81845576780326,
            29.72130906379383,
            500
          ],
          [
            106.818463252321,
            29.721308384982304,
            500
          ],
          [
            106.81847067449131,
            29.721307200355394,
            500
          ],
          [
            106.8184780006466,
            29.72130551528667,
            500
          ],
          [
            106.81848519755478,
            29.72130333741975,
            500
          ],
          [
            106.81849223257002,
            29.721300676633632,
            500
          ],
          [
            106.81849796060312,
            29.72129812586797,
            500
          ],
          [
            106.81850361566755,
            29.721295414041624,
            500
          ],
          [
            106.8185040403068,
            29.721295207950785,
            500
          ],
          [
            106.81850929494932,
            29.721292581081084,
            500
          ],
          [
            106.81851435189377,
            29.72128959121248,
            500
          ],
          [
            106.81852110147281,
            29.721283930057616,
            500
          ],
          [
            106.81852652870309,
            29.72127697457742,
            500
          ],
          [
            106.81853039439679,
            29.72126903131245,
            500
          ],
          [
            106.81853252818581,
            29.7212604503367,
            500
          ],
          [
            106.81853300727333,
            29.72125456464263,
            500
          ],
          [
            106.81853307581747,
            29.721248657190767,
            500
          ],
          [
            106.81853307581747,
            29.721243245969617,
            500
          ],
          [
            106.81853307581747,
            29.72123783474847,
            500
          ]
        ]
      },
      "properties": {
        "roadKey": "road_db41c14f62c47c0a358383082a5303a17b0867fb9faf21b61c0ae8c5f6d48c52",
        "sourceRoadId": "29",
        "sourceRoadName": "Road 29",
        "sourceRoadGuid": null,
        "sourceFeatureReferenceKey": "wrf_e8cab76cf1ee1ad00111c9e2b3780a4b",
        "sourceFeatureVersion": "od-73813fafd91894e3",
        "physicalRoadGroupKey": "prg_7cc3714729e759cae2331136b85b397ac3979e70510da72e82d51b670ecc0df0",
        "roadClass": "XODR_TOWN",
        "widthM": 10,
        "widthSource": "XODR_DERIVED_UNVERIFIED",
        "surfaceMaterial": "UNKNOWN",
        "surfaceSource": "MISSING_IN_XODR",
        "oneWay": false,
        "serviceEligible": true,
        "speedMps": 17.8816,
        "speedSource": "XODR_UNIFORM_SOURCE",
        "sourceFormat": "XODR",
        "sourceArtifactHash": "sha256:f9119c2fa0c73093c2c2d15d262ede56fbcefd3de091f652523559aca13d3481",
        "conditionClass": "UNKNOWN"
      }
    },
    {
      "type": "Feature",
      "id": "road_dd8c5d6f15f07470e9f403720bc8c99e3df4809ad047d9d702eb04c28b1769bd",
      "geometry": {
        "type": "LineString",
        "coordinates": [
          [
            106.81323753117157,
            29.719500665093015,
            500
          ],
          [
            106.81324651428275,
            29.71950066507633,
            500
          ],
          [
            106.81325549739392,
            29.719500665059645,
            500
          ],
          [
            106.81326448050511,
            29.719500665042958,
            500
          ],
          [
            106.81327346361628,
            29.719500665026274,
            500
          ],
          [
            106.81328244672747,
            29.719500665009587,
            500
          ],
          [
            106.81329142983864,
            29.719500664992903,
            500
          ],
          [
            106.81330041294983,
            29.719500664976216,
            500
          ],
          [
            106.813309396061,
            29.719500664959533,
            500
          ],
          [
            106.81331837917219,
            29.71950066494285,
            500
          ],
          [
            106.81332736228336,
            29.719500664926162,
            500
          ],
          [
            106.81333634539455,
            29.71950066490948,
            500
          ],
          [
            106.81334532850573,
            29.71950066489279,
            500
          ],
          [
            106.8133543116169,
            29.719500664876108,
            500
          ],
          [
            106.81336329472809,
            29.71950066485942,
            500
          ],
          [
            106.81337227783926,
            29.719500664842737,
            500
          ],
          [
            106.81338126095045,
            29.71950066482605,
            500
          ],
          [
            106.81339024406162,
            29.719500664809367,
            500
          ],
          [
            106.81339922717281,
            29.719500664792683,
            500
          ],
          [
            106.81340821028398,
            29.719500664775996,
            500
          ],
          [
            106.81341719339517,
            29.719500664759313,
            500
          ],
          [
            106.81342617650634,
            29.719500664742625,
            500
          ],
          [
            106.81343515961753,
            29.719500664725942,
            500
          ],
          [
            106.81344414272871,
            29.719500664709255,
            500
          ],
          [
            106.81345312583989,
            29.71950066469257,
            500
          ],
          [
            106.81346210895107,
            29.719500664675888,
            500
          ],
          [
            106.81347109206224,
            29.7195006646592,
            500
          ],
          [
            106.81348007517343,
            29.719500664642517,
            500
          ],
          [
            106.8134890582846,
            29.71950066462583,
            500
          ],
          [
            106.81349804139579,
            29.719500664609146,
            500
          ],
          [
            106.81350702450696,
            29.71950066459246,
            500
          ],
          [
            106.81351600761815,
            29.719500664575776,
            500
          ],
          [
            106.81352499072933,
            29.71950066455909,
            500
          ],
          [
            106.8135339738405,
            29.719500664542405,
            500
          ],
          [
            106.8135429569517,
            29.71950066452572,
            500
          ],
          [
            106.81355194006287,
            29.719500664509034,
            500
          ],
          [
            106.81356092317405,
            29.71950066449235,
            500
          ],
          [
            106.81356990628522,
            29.719500664475664,
            500
          ],
          [
            106.81357888939641,
            29.71950066445898,
            500
          ],
          [
            106.81358787250758,
            29.719500664442293,
            500
          ],
          [
            106.81359685561877,
            29.71950066442561,
            500
          ],
          [
            106.81360583872994,
            29.719500664408923,
            500
          ],
          [
            106.81361482184113,
            29.71950066439224,
            500
          ],
          [
            106.81362380495231,
            29.719500664375555,
            500
          ],
          [
            106.81363278806349,
            29.71950066435887,
            500
          ],
          [
            106.81364177117467,
            29.719500664342185,
            500
          ],
          [
            106.81365075428585,
            29.719500664325498,
            500
          ],
          [
            106.81365973739703,
            29.719500664308814,
            500
          ],
          [
            106.8136687205082,
            29.719500664292127,
            500
          ],
          [
            106.81367770361939,
            29.719500664275444,
            500
          ],
          [
            106.81368668673056,
            29.719500664258756,
            500
          ],
          [
            106.81369566984175,
            29.719500664242073,
            500
          ],
          [
            106.81370465295292,
            29.71950066422539,
            500
          ],
          [
            106.81371363606411,
            29.719500664208702,
            500
          ],
          [
            106.8137226191753,
            29.71950066419202,
            500
          ],
          [
            106.81373160228647,
            29.71950066417533,
            500
          ],
          [
            106.81374058539765,
            29.719500664158648,
            500
          ],
          [
            106.81374956850883,
            29.71950066414196,
            500
          ],
          [
            106.81375855162001,
            29.719500664125277,
            500
          ],
          [
            106.81376753473118,
            29.71950066410859,
            500
          ]
        ]
      },
      "properties": {
        "roadKey": "road_dd8c5d6f15f07470e9f403720bc8c99e3df4809ad047d9d702eb04c28b1769bd",
        "sourceRoadId": "21",
        "sourceRoadName": "Road 21",
        "sourceRoadGuid": null,
        "sourceFeatureReferenceKey": "wrf_246b01c785b0fe1dee4274b22c901bcf",
        "sourceFeatureVersion": "od-75e92b4d5b303093",
        "physicalRoadGroupKey": "prg_a8b72a9e65718bd2e0fa0dfe12a27546c9ac95b02ab0963f10ede2654857b88c",
        "roadClass": "XODR_TOWN",
        "widthM": 16,
        "widthSource": "XODR_DERIVED_UNVERIFIED",
        "surfaceMaterial": "UNKNOWN",
        "surfaceSource": "MISSING_IN_XODR",
        "oneWay": false,
        "serviceEligible": true,
        "speedMps": 17.8816,
        "speedSource": "XODR_UNIFORM_SOURCE",
        "sourceFormat": "XODR",
        "sourceArtifactHash": "sha256:f9119c2fa0c73093c2c2d15d262ede56fbcefd3de091f652523559aca13d3481",
        "conditionClass": "UNKNOWN"
      }
    },
    {
      "type": "Feature",
      "id": "road_de2ee099570f6e890af666989b6dd67bb89d3f02baa830a3760acc59c2ad55c7",
      "geometry": {
        "type": "LineString",
        "coordinates": [
          [
            106.81763476464248,
            29.718826035824137,
            500
          ],
          [
            106.81763476464248,
            29.718834947010556,
            500
          ],
          [
            106.81763476464248,
            29.718843858196973,
            500
          ],
          [
            106.81763476464248,
            29.718852769383393,
            500
          ],
          [
            106.81763476464248,
            29.71886168056981,
            500
          ],
          [
            106.81763476464248,
            29.71887059175623,
            500
          ],
          [
            106.81763476464248,
            29.71887950294265,
            500
          ],
          [
            106.81763476464248,
            29.718888414129065,
            500
          ],
          [
            106.81763476464248,
            29.718897325315485,
            500
          ],
          [
            106.81763476464248,
            29.718906236501905,
            500
          ],
          [
            106.81763476464248,
            29.71891514768832,
            500
          ],
          [
            106.81763476464248,
            29.71892405887474,
            500
          ],
          [
            106.81763476464248,
            29.71893297006116,
            500
          ],
          [
            106.81763476464248,
            29.718941881247577,
            500
          ],
          [
            106.81763476464248,
            29.718950792433997,
            500
          ],
          [
            106.81763476464248,
            29.718959703620417,
            500
          ],
          [
            106.81763476464248,
            29.718968614806833,
            500
          ],
          [
            106.81763476464248,
            29.718977525993253,
            500
          ],
          [
            106.81763476464248,
            29.718986437179673,
            500
          ],
          [
            106.81763476464248,
            29.71899534836609,
            500
          ],
          [
            106.81763476464248,
            29.71900425955251,
            500
          ],
          [
            106.81763476464248,
            29.719013170738926,
            500
          ],
          [
            106.81763476464248,
            29.719022081925345,
            500
          ],
          [
            106.81763476464248,
            29.719030993111765,
            500
          ],
          [
            106.81763476464248,
            29.71903990429818,
            500
          ],
          [
            106.81763476464248,
            29.7190488154846,
            500
          ],
          [
            106.81763476464248,
            29.71905772667102,
            500
          ],
          [
            106.81763476464248,
            29.719066637857438,
            500
          ],
          [
            106.81763476464248,
            29.719075549043858,
            500
          ],
          [
            106.81763476464248,
            29.719084460230278,
            500
          ],
          [
            106.81763476464248,
            29.719093371416694,
            500
          ],
          [
            106.81763476464248,
            29.719102282603114,
            500
          ],
          [
            106.81763476464248,
            29.719111193789534,
            500
          ],
          [
            106.81763476464248,
            29.71912010497595,
            500
          ],
          [
            106.81763476464248,
            29.71912901616237,
            500
          ],
          [
            106.81763476464248,
            29.719137927348786,
            500
          ],
          [
            106.81763476464248,
            29.719146838535206,
            500
          ],
          [
            106.81763476464248,
            29.719155749721626,
            500
          ],
          [
            106.81763476464248,
            29.719164660908042,
            500
          ],
          [
            106.81763476464248,
            29.719173572094462,
            500
          ],
          [
            106.81763476464248,
            29.719182483280882,
            500
          ],
          [
            106.81763476464248,
            29.7191913944673,
            500
          ],
          [
            106.81763476464248,
            29.719200305653718,
            500
          ],
          [
            106.81763476464248,
            29.719209216840138,
            500
          ],
          [
            106.81763476464248,
            29.719218128026554,
            500
          ],
          [
            106.81763476464248,
            29.719227039212974,
            500
          ],
          [
            106.81763476464248,
            29.719235950399394,
            500
          ],
          [
            106.81763476464248,
            29.71924486158581,
            500
          ],
          [
            106.81763476464248,
            29.71925377277223,
            500
          ],
          [
            106.81763476464248,
            29.71926268395865,
            500
          ],
          [
            106.81763476464248,
            29.719271595145067,
            500
          ],
          [
            106.81763476464248,
            29.719280506331486,
            500
          ],
          [
            106.81763476464248,
            29.719289417517903,
            500
          ],
          [
            106.81763476464248,
            29.719298328704323,
            500
          ],
          [
            106.81763476464248,
            29.719307239890743,
            500
          ],
          [
            106.81763476464248,
            29.71931615107716,
            500
          ],
          [
            106.81763476464248,
            29.71932506226358,
            500
          ],
          [
            106.81763476464248,
            29.71933397345,
            500
          ],
          [
            106.81763476464248,
            29.719342884636415,
            500
          ],
          [
            106.81763476464248,
            29.719351795822835,
            500
          ],
          [
            106.81763476464248,
            29.719360707009255,
            500
          ],
          [
            106.81763476464248,
            29.71936961819567,
            500
          ],
          [
            106.81763476464248,
            29.71937852938209,
            500
          ]
        ]
      },
      "properties": {
        "roadKey": "road_de2ee099570f6e890af666989b6dd67bb89d3f02baa830a3760acc59c2ad55c7",
        "sourceRoadId": "4",
        "sourceRoadName": "Road 4",
        "sourceRoadGuid": null,
        "sourceFeatureReferenceKey": "wrf_2313b0356dba7c04b5bca34c30c4f50b",
        "sourceFeatureVersion": "od-9a560815afc8d288",
        "physicalRoadGroupKey": "prg_9c999c557d010b5050f7ab1b62e65f2f682fdd9d8d6ca13c912597a26755be0b",
        "roadClass": "XODR_TOWN",
        "widthM": 12,
        "widthSource": "XODR_DERIVED_UNVERIFIED",
        "surfaceMaterial": "UNKNOWN",
        "surfaceSource": "MISSING_IN_XODR",
        "oneWay": false,
        "serviceEligible": true,
        "speedMps": 17.8816,
        "speedSource": "XODR_UNIFORM_SOURCE",
        "sourceFormat": "XODR",
        "sourceArtifactHash": "sha256:f9119c2fa0c73093c2c2d15d262ede56fbcefd3de091f652523559aca13d3481",
        "conditionClass": "UNKNOWN"
      }
    },
    {
      "type": "Feature",
      "id": "road_e16ebe1cfd7007526809b7a0de2b3d36b60046f604a1ba9c0c3566c541032f13",
      "geometry": {
        "type": "LineString",
        "coordinates": [
          [
            106.81462033259643,
            29.720075412679936,
            500
          ],
          [
            106.81461137645064,
            29.720075464896247,
            500
          ],
          [
            106.81460242030487,
            29.720075517112555,
            500
          ],
          [
            106.81459346415907,
            29.720075569328863,
            500
          ],
          [
            106.8145845080133,
            29.72007562154517,
            500
          ],
          [
            106.8145755518675,
            29.720075673761478,
            500
          ],
          [
            106.81456659572171,
            29.720075725977786,
            500
          ],
          [
            106.81455763957594,
            29.720075778194094,
            500
          ],
          [
            106.81454868343015,
            29.7200758304104,
            500
          ],
          [
            106.81453972728436,
            29.72007588262671,
            500
          ],
          [
            106.81453077113858,
            29.720075934843017,
            500
          ],
          [
            106.81452181499279,
            29.720075987059325,
            500
          ],
          [
            106.81451285884701,
            29.720076039275632,
            500
          ],
          [
            106.81450390270122,
            29.72007609149194,
            500
          ],
          [
            106.81449494655543,
            29.72007614370825,
            500
          ],
          [
            106.81448599040965,
            29.72007619592456,
            500
          ],
          [
            106.81447703426386,
            29.720076248140867,
            500
          ],
          [
            106.81446807811807,
            29.720076300357174,
            500
          ],
          [
            106.81445912197229,
            29.720076352573482,
            500
          ],
          [
            106.8144501658265,
            29.72007640478979,
            500
          ],
          [
            106.81444120968072,
            29.720076457006098,
            500
          ],
          [
            106.81443225353493,
            29.720076509222405,
            500
          ],
          [
            106.81442329738914,
            29.720076561438713,
            500
          ],
          [
            106.81441434124336,
            29.72007661365502,
            500
          ],
          [
            106.81440538509757,
            29.72007666587133,
            500
          ],
          [
            106.81439642895178,
            29.720076718087636,
            500
          ],
          [
            106.814387472806,
            29.720076770303944,
            500
          ],
          [
            106.81437851666021,
            29.72007682252025,
            500
          ],
          [
            106.81436956051444,
            29.720076874736563,
            500
          ],
          [
            106.81436060436864,
            29.72007692695287,
            500
          ],
          [
            106.81435164822285,
            29.72007697916918,
            500
          ],
          [
            106.81434269207708,
            29.720077031385486,
            500
          ],
          [
            106.81433373593129,
            29.720077083601794,
            500
          ],
          [
            106.8143247797855,
            29.7200771358181,
            500
          ],
          [
            106.81431582363972,
            29.72007718803441,
            500
          ],
          [
            106.81430686749393,
            29.720077240250717,
            500
          ],
          [
            106.81429791134815,
            29.720077292467025,
            500
          ],
          [
            106.81428895520236,
            29.720077344683332,
            500
          ],
          [
            106.81427999905657,
            29.72007739689964,
            500
          ],
          [
            106.81427104291079,
            29.720077449115948,
            500
          ],
          [
            106.814262086765,
            29.720077501332256,
            500
          ],
          [
            106.8142531306192,
            29.720077553548567,
            500
          ],
          [
            106.81424417447343,
            29.720077605764875,
            500
          ],
          [
            106.81423521832764,
            29.720077657981182,
            500
          ],
          [
            106.81422626218186,
            29.72007771019749,
            500
          ],
          [
            106.81421730603607,
            29.720077762413798,
            500
          ],
          [
            106.81420834989028,
            29.720077814630105,
            500
          ],
          [
            106.8141993937445,
            29.720077866846413,
            500
          ],
          [
            106.81419043759871,
            29.72007791906272,
            500
          ],
          [
            106.81418148145292,
            29.72007797127903,
            500
          ],
          [
            106.81417252530714,
            29.720078023495336,
            500
          ],
          [
            106.81416356916135,
            29.720078075711644,
            500
          ],
          [
            106.81415461301557,
            29.720078127927952,
            500
          ],
          [
            106.81414565686978,
            29.72007818014426,
            500
          ],
          [
            106.81413670072399,
            29.72007823236057,
            500
          ]
        ]
      },
      "properties": {
        "roadKey": "road_e16ebe1cfd7007526809b7a0de2b3d36b60046f604a1ba9c0c3566c541032f13",
        "sourceRoadId": "32",
        "sourceRoadName": "Road 32",
        "sourceRoadGuid": null,
        "sourceFeatureReferenceKey": "wrf_100d3b341fa8ff501a5dac4c3fa84537",
        "sourceFeatureVersion": "od-bb39a8b0df1bd4eb",
        "physicalRoadGroupKey": "prg_252eabfa16e0b49c140befd62e6d645fb1c9286ea931460ed5932b4ca2209295",
        "roadClass": "XODR_TOWN",
        "widthM": 12,
        "widthSource": "XODR_DERIVED_UNVERIFIED",
        "surfaceMaterial": "UNKNOWN",
        "surfaceSource": "MISSING_IN_XODR",
        "oneWay": false,
        "serviceEligible": true,
        "speedMps": 17.8816,
        "speedSource": "XODR_UNIFORM_SOURCE",
        "sourceFormat": "XODR",
        "sourceArtifactHash": "sha256:f9119c2fa0c73093c2c2d15d262ede56fbcefd3de091f652523559aca13d3481",
        "conditionClass": "UNKNOWN"
      }
    },
    {
      "type": "Feature",
      "id": "road_e6c6c2b700fe3a997e1028c8883b66bada72fa8cd3f5535a73d032a8981d785d",
      "geometry": {
        "type": "LineString",
        "coordinates": [
          [
            106.81305337765002,
            29.718916500808554,
            500
          ],
          [
            106.81305337765002,
            29.718925386128475,
            500
          ],
          [
            106.81305337765002,
            29.718934271448394,
            500
          ],
          [
            106.81305337765002,
            29.71894315676831,
            500
          ],
          [
            106.81305337765002,
            29.718952042088233,
            500
          ],
          [
            106.81305337765002,
            29.71896092740815,
            500
          ],
          [
            106.81305337765002,
            29.71896981272807,
            500
          ],
          [
            106.81305337765002,
            29.71897869804799,
            500
          ],
          [
            106.81305337765002,
            29.71898758336791,
            500
          ],
          [
            106.81305337765002,
            29.718996468687827,
            500
          ],
          [
            106.81305337765002,
            29.71900535400775,
            500
          ],
          [
            106.81305337765002,
            29.719014239327667,
            500
          ],
          [
            106.81305337765002,
            29.719023124647585,
            500
          ],
          [
            106.81305337765002,
            29.719032009967506,
            500
          ],
          [
            106.81305337765002,
            29.719040895287424,
            500
          ],
          [
            106.81305337765002,
            29.719049780607342,
            500
          ],
          [
            106.81305337765002,
            29.719058665927264,
            500
          ],
          [
            106.81305337765002,
            29.719067551247182,
            500
          ],
          [
            106.81305337765002,
            29.7190764365671,
            500
          ],
          [
            106.81305337765002,
            29.71908532188702,
            500
          ],
          [
            106.81305337765002,
            29.71909420720694,
            500
          ],
          [
            106.81305337765002,
            29.719103092526858,
            500
          ],
          [
            106.81305337765002,
            29.71911197784678,
            500
          ],
          [
            106.81305337765002,
            29.719120863166697,
            500
          ],
          [
            106.81305337765002,
            29.719129748486615,
            500
          ],
          [
            106.81305337765002,
            29.719138633806537,
            500
          ],
          [
            106.81305337765002,
            29.719147519126455,
            500
          ],
          [
            106.81305337765002,
            29.719156404446373,
            500
          ],
          [
            106.81305337765002,
            29.719165289766295,
            500
          ],
          [
            106.81305337765002,
            29.719174175086213,
            500
          ],
          [
            106.81305337765002,
            29.71918306040613,
            500
          ],
          [
            106.81305337765002,
            29.719191945726052,
            500
          ],
          [
            106.81305337765002,
            29.71920083104597,
            500
          ],
          [
            106.81305337765002,
            29.71920971636589,
            500
          ],
          [
            106.81305337765002,
            29.71921860168581,
            500
          ],
          [
            106.81305337765002,
            29.71922748700573,
            500
          ],
          [
            106.81305337765002,
            29.719236372325646,
            500
          ],
          [
            106.81305337765002,
            29.719245257645568,
            500
          ],
          [
            106.81305337765002,
            29.719254142965486,
            500
          ],
          [
            106.81305337765002,
            29.719263028285408,
            500
          ],
          [
            106.81305337765002,
            29.719271913605326,
            500
          ],
          [
            106.81305337765002,
            29.719280798925244,
            500
          ],
          [
            106.81305337765002,
            29.719289684245165,
            500
          ],
          [
            106.81305337765002,
            29.719298569565083,
            500
          ],
          [
            106.81305337765002,
            29.719307454885,
            500
          ],
          [
            106.81305337765002,
            29.719316340204923,
            500
          ],
          [
            106.81305337765002,
            29.71932522552484,
            500
          ],
          [
            106.81305337765002,
            29.71933411084476,
            500
          ],
          [
            106.81305337765002,
            29.71934299616468,
            500
          ],
          [
            106.81305337765002,
            29.7193518814846,
            500
          ],
          [
            106.81305337765002,
            29.719360766804517,
            500
          ],
          [
            106.81305337765002,
            29.71936965212444,
            500
          ],
          [
            106.81305337765002,
            29.719378537444356,
            500
          ]
        ]
      },
      "properties": {
        "roadKey": "road_e6c6c2b700fe3a997e1028c8883b66bada72fa8cd3f5535a73d032a8981d785d",
        "sourceRoadId": "27",
        "sourceRoadName": "Road 27",
        "sourceRoadGuid": null,
        "sourceFeatureReferenceKey": "wrf_0e6be2b36494f57a4b0262c999e53b00",
        "sourceFeatureVersion": "od-b1d0690f9d592c15",
        "physicalRoadGroupKey": "prg_d61d15ab4c9cbda07c189c2209a82ff17b6bf6f995fb62f039ee8f70140863af",
        "roadClass": "XODR_TOWN",
        "widthM": 20,
        "widthSource": "XODR_DERIVED_UNVERIFIED",
        "surfaceMaterial": "UNKNOWN",
        "surfaceSource": "MISSING_IN_XODR",
        "oneWay": false,
        "serviceEligible": true,
        "speedMps": 17.8816,
        "speedSource": "XODR_UNIFORM_SOURCE",
        "sourceFormat": "XODR",
        "sourceArtifactHash": "sha256:f9119c2fa0c73093c2c2d15d262ede56fbcefd3de091f652523559aca13d3481",
        "conditionClass": "UNKNOWN"
      }
    },
    {
      "type": "Feature",
      "id": "road_e6fcf517271bd3d1dcce76495936599411d766968a1fdefbf143faf8671c0cea",
      "geometry": {
        "type": "LineString",
        "coordinates": [
          [
            106.81309664247756,
            29.72051800520146,
            500
          ],
          [
            106.81310509550256,
            29.720520405343215,
            500
          ],
          [
            106.81311357244,
            29.720522718373832,
            500
          ],
          [
            106.8131220724047,
            29.720524944051782,
            500
          ],
          [
            106.81313059450912,
            29.720527082144667,
            500
          ],
          [
            106.8131391378634,
            29.72052913242923,
            500
          ],
          [
            106.81314770157546,
            29.720531094691385,
            500
          ],
          [
            106.81315628475109,
            29.720532968726236,
            500
          ],
          [
            106.81316488649404,
            29.720534754338097,
            500
          ],
          [
            106.81317350590614,
            29.72053645134052,
            500
          ],
          [
            106.81318233597686,
            29.720538095029227,
            500
          ],
          [
            106.8131911821964,
            29.720539648173432,
            500
          ],
          [
            106.81320004324964,
            29.720541113065888,
            500
          ],
          [
            106.81320891789225,
            29.72054249202033,
            500
          ],
          [
            106.81321780494908,
            29.720543787369742,
            500
          ],
          [
            106.81322670331234,
            29.72054500146475,
            500
          ],
          [
            106.81323561193985,
            29.720546136672056,
            500
          ],
          [
            106.81324452985325,
            29.72054719537302,
            500
          ],
          [
            106.8132534561362,
            29.720548179962265,
            500
          ],
          [
            106.81326238993242,
            29.720549092846436,
            500
          ],
          [
            106.81327133044394,
            29.720549936442975,
            500
          ],
          [
            106.81328027692913,
            29.720550713179023,
            500
          ],
          [
            106.81328922870077,
            29.72055142549037,
            500
          ],
          [
            106.81329818512413,
            29.72055207582051,
            500
          ],
          [
            106.81330714561506,
            29.720552666619724,
            500
          ],
          [
            106.81331610963797,
            29.720553200344277,
            500
          ],
          [
            106.81332507670385,
            29.720553679455662,
            500
          ],
          [
            106.81333404636837,
            29.7205541064199,
            500
          ],
          [
            106.81334301822976,
            29.720554483706916,
            500
          ],
          [
            106.81335199192691,
            29.720554813789967,
            500
          ],
          [
            106.8133609671373,
            29.720555099145137,
            500
          ],
          [
            106.81336994357503,
            29.720555342250858,
            500
          ],
          [
            106.81337892098875,
            29.72055554558752,
            500
          ],
          [
            106.8133878991597,
            29.72055571163709,
            500
          ],
          [
            106.8133968778996,
            29.720555842882806,
            500
          ],
          [
            106.8134058570487,
            29.720555941808904,
            500
          ],
          [
            106.81341483647371,
            29.72055601090037,
            500
          ],
          [
            106.81342381606578,
            29.720556052642753,
            500
          ],
          [
            106.81343279573842,
            29.720556069521987,
            500
          ],
          [
            106.81344177542557,
            29.720556064024276,
            500
          ],
          [
            106.81345075507943,
            29.720556038635966,
            500
          ],
          [
            106.81345973466854,
            29.720555995843476,
            500
          ],
          [
            106.81346871417568,
            29.720555938133245,
            500
          ],
          [
            106.81347769359583,
            29.720555867991674,
            500
          ],
          [
            106.81348667293418,
            29.72055578790513,
            500
          ],
          [
            106.81349565220404,
            29.72055570035992,
            500
          ],
          [
            106.81350463142486,
            29.720555607842293,
            500
          ],
          [
            106.81351361062015,
            29.72055551283847,
            500
          ],
          [
            106.81352253028913,
            29.720555418052797,
            500
          ],
          [
            106.8135314499581,
            29.720555323267124,
            500
          ],
          [
            106.81354036962709,
            29.72055522848145,
            500
          ],
          [
            106.81354928929608,
            29.72055513369578,
            500
          ],
          [
            106.81355820896506,
            29.72055503891011,
            500
          ],
          [
            106.81356712863403,
            29.720554944124437,
            500
          ],
          [
            106.81357604830302,
            29.720554849338765,
            500
          ],
          [
            106.813584967972,
            29.720554754553092,
            500
          ],
          [
            106.81359388764099,
            29.72055465976742,
            500
          ],
          [
            106.81360280730998,
            29.720554564981747,
            500
          ],
          [
            106.81361172697895,
            29.720554470196074,
            500
          ],
          [
            106.81362064664793,
            29.7205543754104,
            500
          ],
          [
            106.81362956631692,
            29.72055428062473,
            500
          ],
          [
            106.8136384859859,
            29.72055418583906,
            500
          ],
          [
            106.81364740565488,
            29.720554091053387,
            500
          ],
          [
            106.81365632532386,
            29.720553996267714,
            500
          ],
          [
            106.81366524499285,
            29.72055390148204,
            500
          ],
          [
            106.81367416466183,
            29.72055380669637,
            500
          ],
          [
            106.8136830843308,
            29.720553711910696,
            500
          ],
          [
            106.81369200399979,
            29.720553617125024,
            500
          ],
          [
            106.81370092366878,
            29.72055352233935,
            500
          ],
          [
            106.81370984333776,
            29.72055342755368,
            500
          ],
          [
            106.81371876300673,
            29.720553332768006,
            500
          ],
          [
            106.81372768267572,
            29.720553237982337,
            500
          ],
          [
            106.8137366023447,
            29.720553143196664,
            500
          ],
          [
            106.81374552201369,
            29.72055304841099,
            500
          ],
          [
            106.81375444168266,
            29.72055295362532,
            500
          ],
          [
            106.81376336135165,
            29.720552858839646,
            500
          ],
          [
            106.81377228102063,
            29.720552764053974,
            500
          ],
          [
            106.81378120068962,
            29.7205526692683,
            500
          ],
          [
            106.81379012035859,
            29.720552574482628,
            500
          ],
          [
            106.81379904002758,
            29.720552479696956,
            500
          ],
          [
            106.81380795969656,
            29.720552384911286,
            500
          ],
          [
            106.81381687936555,
            29.720552290125614,
            500
          ],
          [
            106.81382579903452,
            29.72055219533994,
            500
          ],
          [
            106.8138347187035,
            29.72055210055427,
            500
          ],
          [
            106.81384363837249,
            29.720552005768596,
            500
          ],
          [
            106.81385255804148,
            29.720551910982923,
            500
          ],
          [
            106.81386147771045,
            29.72055181619725,
            500
          ],
          [
            106.81387039737943,
            29.720551721411578,
            500
          ],
          [
            106.81387931704842,
            29.720551626625905,
            500
          ],
          [
            106.8138882367174,
            29.720551531840233,
            500
          ],
          [
            106.81389715638639,
            29.720551437054564,
            500
          ],
          [
            106.81390607605536,
            29.72055134226889,
            500
          ],
          [
            106.81391499572435,
            29.72055124748322,
            500
          ],
          [
            106.81392391539333,
            29.720551152697546,
            500
          ],
          [
            106.81393283506232,
            29.720551057911873,
            500
          ],
          [
            106.81394175473129,
            29.7205509631262,
            500
          ],
          [
            106.81395067440027,
            29.720550868340528,
            500
          ],
          [
            106.81395959406926,
            29.720550773554855,
            500
          ],
          [
            106.81396851373825,
            29.720550678769182,
            500
          ],
          [
            106.81397743340722,
            29.720550583983513,
            500
          ],
          [
            106.8139863530762,
            29.72055048919784,
            500
          ],
          [
            106.81399527274519,
            29.720550394412168,
            500
          ],
          [
            106.81400419241417,
            29.720550299626495,
            500
          ],
          [
            106.81401311208315,
            29.720550204840823,
            500
          ],
          [
            106.81402203175213,
            29.72055011005515,
            500
          ],
          [
            106.81403095142112,
            29.720550015269477,
            500
          ],
          [
            106.8140398710901,
            29.720549920483805,
            500
          ],
          [
            106.81404879075907,
            29.720549825698132,
            500
          ],
          [
            106.81405771042806,
            29.72054973091246,
            500
          ],
          [
            106.81406663009705,
            29.72054963612679,
            500
          ],
          [
            106.81407554976603,
            29.720549541341118,
            500
          ],
          [
            106.814084469435,
            29.720549446555445,
            500
          ],
          [
            106.81409338910399,
            29.720549351769773,
            500
          ],
          [
            106.81410230877297,
            29.7205492569841,
            500
          ],
          [
            106.81411122844196,
            29.720549162198427,
            500
          ],
          [
            106.81412014811093,
            29.720549067412755,
            500
          ],
          [
            106.81412906777992,
            29.720548972627082,
            500
          ],
          [
            106.8141379874489,
            29.72054887784141,
            500
          ],
          [
            106.81414690711789,
            29.72054878305574,
            500
          ],
          [
            106.81415582678686,
            29.720548688270068,
            500
          ],
          [
            106.81416474645584,
            29.720548593484395,
            500
          ],
          [
            106.81417366612483,
            29.720548498698722,
            500
          ],
          [
            106.81418258579382,
            29.72054840391305,
            500
          ],
          [
            106.8141915054628,
            29.720548309127377,
            500
          ],
          [
            106.81420042513177,
            29.720548214341704,
            500
          ],
          [
            106.81420934480076,
            29.72054811955603,
            500
          ],
          [
            106.81421826446974,
            29.72054802477036,
            500
          ],
          [
            106.81422718413873,
            29.720547929984686,
            500
          ],
          [
            106.8142361038077,
            29.720547835199017,
            500
          ],
          [
            106.81424502347669,
            29.720547740413345,
            500
          ],
          [
            106.81425394314567,
            29.720547645627672,
            500
          ],
          [
            106.81426286281466,
            29.720547550842,
            500
          ],
          [
            106.81427178248363,
            29.720547456056327,
            500
          ],
          [
            106.81428070215262,
            29.720547361270654,
            500
          ],
          [
            106.8142896218216,
            29.72054726648498,
            500
          ],
          [
            106.81429854149059,
            29.72054717169931,
            500
          ],
          [
            106.81430746115956,
            29.720547076913636,
            500
          ],
          [
            106.81431638082854,
            29.720546982127967,
            500
          ],
          [
            106.81432530049753,
            29.720546887342294,
            500
          ],
          [
            106.81433422016651,
            29.720546792556622,
            500
          ],
          [
            106.81434313983549,
            29.72054669777095,
            500
          ],
          [
            106.81435205950447,
            29.720546602985277,
            500
          ],
          [
            106.81436097917346,
            29.720546508199604,
            500
          ],
          [
            106.81436989884244,
            29.72054641341393,
            500
          ],
          [
            106.81437881851141,
            29.72054631862826,
            500
          ],
          [
            106.8143877381804,
            29.720546223842586,
            500
          ],
          [
            106.81439665784939,
            29.720546129056913,
            500
          ],
          [
            106.81440557751837,
            29.720546034271244,
            500
          ],
          [
            106.81441449718734,
            29.72054593948557,
            500
          ],
          [
            106.81442341685633,
            29.7205458446999,
            500
          ],
          [
            106.81443233652531,
            29.720545749914226,
            500
          ],
          [
            106.8144412561943,
            29.720545655128554,
            500
          ],
          [
            106.81445017586327,
            29.72054556034288,
            500
          ],
          [
            106.81445909553226,
            29.72054546555721,
            500
          ],
          [
            106.81446801520124,
            29.720545370771536,
            500
          ],
          [
            106.81447693487023,
            29.720545275985863,
            500
          ],
          [
            106.81448585453921,
            29.720545181200194,
            500
          ],
          [
            106.81449477420819,
            29.72054508641452,
            500
          ],
          [
            106.81450369387717,
            29.72054499162885,
            500
          ],
          [
            106.81451261354616,
            29.720544896843176,
            500
          ],
          [
            106.81452153321514,
            29.720544802057503,
            500
          ],
          [
            106.81453045288411,
            29.72054470727183,
            500
          ],
          [
            106.8145393725531,
            29.720544612486158,
            500
          ],
          [
            106.81454829222209,
            29.720544517700485,
            500
          ],
          [
            106.81455721189107,
            29.720544422914813,
            500
          ],
          [
            106.81456613156004,
            29.72054432812914,
            500
          ],
          [
            106.81457505122903,
            29.72054423334347,
            500
          ],
          [
            106.81458397089801,
            29.7205441385578,
            500
          ],
          [
            106.814592890567,
            29.720544043772126,
            500
          ],
          [
            106.81460181023597,
            29.720543948986453,
            500
          ],
          [
            106.81461072990496,
            29.72054385420078,
            500
          ],
          [
            106.81461964957394,
            29.720543759415108,
            500
          ]
        ]
      },
      "properties": {
        "roadKey": "road_e6fcf517271bd3d1dcce76495936599411d766968a1fdefbf143faf8671c0cea",
        "sourceRoadId": "37",
        "sourceRoadName": "Road 37",
        "sourceRoadGuid": null,
        "sourceFeatureReferenceKey": "wrf_9e7e4564565d60f9e46ce5213de106ee",
        "sourceFeatureVersion": "od-a48afd52512bebbf",
        "physicalRoadGroupKey": "prg_ba84c4cac4b4f7a2d57f05fccae35349aa45e502441a3595d381517dd56b62f3",
        "roadClass": "XODR_TOWN",
        "widthM": 16,
        "widthSource": "XODR_DERIVED_UNVERIFIED",
        "surfaceMaterial": "UNKNOWN",
        "surfaceSource": "MISSING_IN_XODR",
        "oneWay": false,
        "serviceEligible": true,
        "speedMps": 17.8816,
        "speedSource": "XODR_UNIFORM_SOURCE",
        "sourceFormat": "XODR",
        "sourceArtifactHash": "sha256:f9119c2fa0c73093c2c2d15d262ede56fbcefd3de091f652523559aca13d3481",
        "conditionClass": "UNKNOWN"
      }
    },
    {
      "type": "Feature",
      "id": "road_f2004e958f4091d7a8cdd3a2b53c7294167fa79c29ec8b97771f16e34e6c1364",
      "geometry": {
        "type": "LineString",
        "coordinates": [
          [
            106.81305337724115,
            29.720188093534116,
            500.03086127428776
          ],
          [
            106.8130533745008,
            29.720195307016194,
            500.0376394194023
          ],
          [
            106.81305336715603,
            29.720202520494887,
            500.04508991192637
          ],
          [
            106.81305335293395,
            29.720209733962967,
            500.05321275186
          ],
          [
            106.81305332956168,
            29.720216947406627,
            500.0620079392031
          ],
          [
            106.81305328898921,
            29.720225244231724,
            500.07295554635147
          ],
          [
            106.81305323330471,
            29.72023354096792,
            500.0847926377729
          ],
          [
            106.81305316250838,
            29.720241837587295,
            500.0975192134674
          ],
          [
            106.81305307660045,
            29.72025013406194,
            500.1111352734351
          ],
          [
            106.8130529755812,
            29.72025843036393,
            500.1256408176758
          ],
          [
            106.81305285945099,
            29.72026672646536,
            500.14103584618954
          ],
          [
            106.81305278811242,
            29.72027135368319,
            500.15000915527344
          ],
          [
            106.8130527282102,
            29.720275022338317,
            500.1571464047608
          ],
          [
            106.81305258185925,
            29.720283317954884,
            500.17264420403166
          ],
          [
            106.81305242039866,
            29.720291613287152,
            500.1872525190294
          ],
          [
            106.81305224382898,
            29.72029990830721,
            500.20097134975407
          ]
        ]
      },
      "properties": {
        "roadKey": "road_f2004e958f4091d7a8cdd3a2b53c7294167fa79c29ec8b97771f16e34e6c1364",
        "sourceRoadId": "7",
        "sourceRoadName": "Road 7",
        "sourceRoadGuid": null,
        "sourceFeatureReferenceKey": "wrf_00cf34965f47cae24f1e65fed3afdc88",
        "sourceFeatureVersion": "od-94d563c4cc68b9d1",
        "physicalRoadGroupKey": "prg_7de76c413c3b4e9ca5a1ad1d2e8c2d6b398864fc49b8b71d14a8effdfcd86377",
        "roadClass": "XODR_TOWN",
        "widthM": 13.5,
        "widthSource": "XODR_DERIVED_UNVERIFIED",
        "surfaceMaterial": "UNKNOWN",
        "surfaceSource": "MISSING_IN_XODR",
        "oneWay": false,
        "serviceEligible": true,
        "speedMps": 17.8816,
        "speedSource": "XODR_UNIFORM_SOURCE",
        "sourceFormat": "XODR",
        "sourceArtifactHash": "sha256:f9119c2fa0c73093c2c2d15d262ede56fbcefd3de091f652523559aca13d3481",
        "conditionClass": "UNKNOWN"
      }
    },
    {
      "type": "Feature",
      "id": "road_f9efc6233f2eb836c358c93282b0dfbabf25b425f96d8ba8cd2d01251a860732",
      "geometry": {
        "type": "LineString",
        "coordinates": [
          [
            106.81751440276861,
            29.719500657149208,
            500
          ],
          [
            106.81752293093426,
            29.71950065713337,
            500
          ],
          [
            106.81753145909991,
            29.71950065711753,
            500
          ]
        ]
      },
      "properties": {
        "roadKey": "road_f9efc6233f2eb836c358c93282b0dfbabf25b425f96d8ba8cd2d01251a860732",
        "sourceRoadId": "25",
        "sourceRoadName": "Road 25",
        "sourceRoadGuid": null,
        "sourceFeatureReferenceKey": "wrf_e08faacfb126328ca13a3db7455302be",
        "sourceFeatureVersion": "od-5cd4a959427e1ba1",
        "physicalRoadGroupKey": "prg_fa920e3f1a501320556f7dce39e30d02bbf27ff959e9fcf226347b66d5ba068c",
        "roadClass": "XODR_TOWN",
        "widthM": 16,
        "widthSource": "XODR_DERIVED_UNVERIFIED",
        "surfaceMaterial": "UNKNOWN",
        "surfaceSource": "MISSING_IN_XODR",
        "oneWay": false,
        "serviceEligible": true,
        "speedMps": 17.8816,
        "speedSource": "XODR_UNIFORM_SOURCE",
        "sourceFormat": "XODR",
        "sourceArtifactHash": "sha256:f9119c2fa0c73093c2c2d15d262ede56fbcefd3de091f652523559aca13d3481",
        "conditionClass": "UNKNOWN"
      }
    },
    {
      "type": "Feature",
      "id": "road_fd7814d6011ff65c76b1db87fa0426736eaf727fc1a6979dfc0032a4d34ed344",
      "geometry": {
        "type": "LineString",
        "coordinates": [
          [
            106.8174420443978,
            29.718871861543267,
            500
          ],
          [
            106.81743810531852,
            29.718879946499804,
            500
          ],
          [
            106.81743416623925,
            29.718888031456338,
            500
          ],
          [
            106.81743022715997,
            29.718896116412875,
            500
          ],
          [
            106.81742628808071,
            29.71890420136941,
            500
          ],
          [
            106.81742234900143,
            29.718912286325946,
            500
          ],
          [
            106.81741840992217,
            29.71892037128248,
            500
          ],
          [
            106.8174144708429,
            29.718928456239016,
            500
          ],
          [
            106.81741053176363,
            29.71893654119555,
            500
          ],
          [
            106.81740659268436,
            29.718944626152087,
            500
          ],
          [
            106.81740265360509,
            29.71895271110862,
            500
          ],
          [
            106.81739871452582,
            29.718960796065158,
            500
          ],
          [
            106.81739477544654,
            29.71896888102169,
            500
          ],
          [
            106.81739083636728,
            29.71897696597823,
            500
          ],
          [
            106.81738689728802,
            29.718985050934762,
            500
          ],
          [
            106.81738295820874,
            29.7189931358913,
            500
          ],
          [
            106.81737901912948,
            29.719001220847833,
            500
          ],
          [
            106.8173750800502,
            29.71900930580437,
            500
          ],
          [
            106.81737114097093,
            29.719017390760904,
            500
          ],
          [
            106.81736720189166,
            29.71902547571744,
            500
          ],
          [
            106.81736326281239,
            29.719033560673974,
            500
          ],
          [
            106.81735932373313,
            29.71904164563051,
            500
          ],
          [
            106.81735538465385,
            29.719049730587045,
            500
          ],
          [
            106.81735144557459,
            29.719057815543582,
            500
          ],
          [
            106.81734750649531,
            29.719065900500116,
            500
          ],
          [
            106.81734356741605,
            29.719073985456653,
            500
          ],
          [
            106.81733962833678,
            29.719082070413187,
            500
          ],
          [
            106.8173356892575,
            29.719090155369724,
            500
          ],
          [
            106.81733175017824,
            29.71909824032626,
            500
          ],
          [
            106.81732781109896,
            29.719106325282795,
            500
          ],
          [
            106.8173238720197,
            29.71911441023933,
            500
          ],
          [
            106.81731993294042,
            29.719122495195865,
            500
          ],
          [
            106.81731599386116,
            29.719130580152402,
            500
          ],
          [
            106.8173120547819,
            29.719138665108936,
            500
          ],
          [
            106.81730811570262,
            29.719146750065473,
            500
          ],
          [
            106.81730417662335,
            29.719154835022007,
            500
          ],
          [
            106.81730023754407,
            29.719162919978544,
            500
          ],
          [
            106.81729629846481,
            29.719171004935077,
            500
          ],
          [
            106.81729235938553,
            29.719179089891615,
            500
          ],
          [
            106.81728842030627,
            29.719187174848148,
            500
          ],
          [
            106.817284481227,
            29.719195259804685,
            500
          ],
          [
            106.81728054214773,
            29.71920334476122,
            500
          ],
          [
            106.81727660306846,
            29.719211429717756,
            500
          ],
          [
            106.81727266398919,
            29.71921951467429,
            500
          ],
          [
            106.81726872490992,
            29.719227599630827,
            500
          ],
          [
            106.81726478583064,
            29.71923568458736,
            500
          ],
          [
            106.81726084675138,
            29.719243769543898,
            500
          ],
          [
            106.81725690767212,
            29.71925185450043,
            500
          ],
          [
            106.81725296859284,
            29.71925993945697,
            500
          ],
          [
            106.81724902951358,
            29.719268024413502,
            500
          ],
          [
            106.8172450904343,
            29.71927610937004,
            500
          ],
          [
            106.81724115135503,
            29.719284194326573,
            500
          ],
          [
            106.81723721227576,
            29.71929227928311,
            500
          ],
          [
            106.81723327319649,
            29.719300364239643,
            500
          ],
          [
            106.81722933411723,
            29.71930844919618,
            500
          ],
          [
            106.81722539503795,
            29.719316534152714,
            500
          ],
          [
            106.81722145595869,
            29.71932461910925,
            500
          ],
          [
            106.81721751687941,
            29.719332704065785,
            500
          ]
        ]
      },
      "properties": {
        "roadKey": "road_fd7814d6011ff65c76b1db87fa0426736eaf727fc1a6979dfc0032a4d34ed344",
        "sourceRoadId": "39",
        "sourceRoadName": "Road 39",
        "sourceRoadGuid": null,
        "sourceFeatureReferenceKey": "wrf_27e51a38dbfc85a5989309dcfca63ed7",
        "sourceFeatureVersion": "od-49840211117cd0f9",
        "physicalRoadGroupKey": "prg_6b53f6f3359293d5941508e93d04762ea5cf2e52e725b96acb89310765ee129c",
        "roadClass": "XODR_TOWN",
        "widthM": 12,
        "widthSource": "XODR_DERIVED_UNVERIFIED",
        "surfaceMaterial": "UNKNOWN",
        "surfaceSource": "MISSING_IN_XODR",
        "oneWay": false,
        "serviceEligible": true,
        "speedMps": 17.8816,
        "speedSource": "XODR_UNIFORM_SOURCE",
        "sourceFormat": "XODR",
        "sourceArtifactHash": "sha256:f9119c2fa0c73093c2c2d15d262ede56fbcefd3de091f652523559aca13d3481",
        "conditionClass": "UNKNOWN"
      }
    }
  ]
}
